logtheta,logtheta500,yt
-16,-9.5,0.0030120178586550946
-16,-9.1923076923076916,0.005545458551834811
-16,-8.884615384615385,0.010177514928743484
-16,-8.5769230769230766,0.01858699651572434
-16,-8.2692307692307701,0.033694257151836576
-16,-7.9615384615384617,0.060423810107453575
-16,-7.6538461538461542,0.1067245520557038
-16,-7.3461538461538458,0.18467576312913578
-16,-7.0384615384615383,0.31117579749005853
-16,-6.7307692307692308,0.50729591705335997
-16,-6.4230769230769234,0.79520984101473913
-16,-6.115384615384615,1.1922316507852408
-16,-5.8076923076923075,1.7032128460940823
-16,-5.5,2.314617733879885
-16,-5.1923076923076925,2.9941331476904351
-16,-4.884615384615385,3.6972872692948666
-16,-4.5769230769230766,4.3784610477415624
-16,-4.2692307692307692,5.0011635233398017
-16,-3.9615384615384617,5.5435127383995617
-16,-3.6538461538461537,5.9981739782705423
-16,-3.3461538461538463,6.3687047386834097
-16,-3.0384615384615383,6.6649046448632738
-16,-2.7307692307692308,6.8989262960250954
-16,-2.4230769230769229,7.0827617357116246
-16,-2.1153846153846154,7.2269751100269044
-16,-1.8076923076923077,7.3402836767139936
-16,-1.5,7.4296062341480402
-16,-1.1923076923076923,7.5003135852225054
-16,-0.88461538461538458,7.5565293398764704
-16,-0.57692307692307687,7.6014089976837766
-16,-0.26923076923076922,7.6373714593928996
-16,0.038461538461538464,7.6662800660152088
-16,0.34615384615384615,7.6895796459372079
-16,0.65384615384615385,7.7083985623674529
-16,0.96153846153846156,7.7236242680651959
-16,1.2692307692307692,7.7359593402381925
-16,1.5769230769230769,7.745963401243614
-16,1.8846153846153846,7.7540848597291898
-16,2.1923076923076925,7.7606852824888239
-16,2.5,7.7660578532064983
-15.84873949579832,-9.5,0.0030120178538645148
-15.84873949579832,-9.1923076923076916,0.0055454585433846468
-15.84873949579832,-8.884615384615385,0.010177514913653251
-15.84873949579832,-8.5769230769230766,0.018586996488762081
-15.84873949579832,-8.2692307692307701,0.033694257103997413
-15.84873949579832,-7.9615384615384617,0.060423810023811066
-15.84873949579832,-7.6538461538461542,0.1067245519128663
-15.84873949579832,-7.3461538461538458,0.18467576289256352
-15.84873949579832,-7.0384615384615383,0.31117579711367144
-15.84873949579832,-6.7307692307692308,0.50729591648418693
-15.84873949579832,-6.4230769230769234,0.7952098402028086
-15.84873949579832,-6.115384615384615,1.1922316497014671
-15.84873949579832,-5.8076923076923075,1.7032128447477897
-15.84873949579832,-5.5,2.3146177323298707
-15.84873949579832,-5.1923076923076925,2.9941331460323379
-15.84873949579832,-4.884615384615385,3.6972872676478885
-15.84873949579832,-4.5769230769230766,4.3784610462143503
-15.84873949579832,-4.2692307692307692,5.0011635220192057
-15.84873949579832,-3.9615384615384617,5.543512737346294
-15.84873949579832,-3.6538461538461537,5.9981739775426179
-15.84873949579832,-3.3461538461538463,6.368704738353685
-15.84873949579832,-3.0384615384615383,6.6649046451317551
-15.84873949579832,-2.7307692307692308,6.8989262971533565
-15.84873949579832,-2.4230769230769229,7.082761738332418
-15.84873949579832,-2.1153846153846154,7.2269751152201112
-15.84873949579832,-1.8076923076923077,7.3402836866394594
-15.84873949579832,-1.5,7.4296062527720954
-15.84873949579832,-1.1923076923076923,7.5003136198472795
-15.84873949579832,-0.88461538461538458,7.5565294037199795
-15.84873949579832,-0.57692307692307687,7.6014091142674527
-15.84873949579832,-0.26923076923076922,7.6373716701172771
-15.84873949579832,0.038461538461538464,7.666280436441272
-15.84873949579832,0.34615384615384615,7.6895802618516074
-15.84873949579832,0.65384615384615385,7.7083994717795221
-15.84873949579832,0.96153846153846156,7.7236252151385401
-15.84873949579832,1.2692307692307692,7.7359589394750143
-15.84873949579832,1.5769230769230769,7.745956940097467
-15.84873949579832,1.8846153846153846,7.75405962543923
-15.84873949579832,2.1923076923076925,7.7606126820075438
-15.84873949579832,2.5,7.765884309460648
-15.697478991596638,-9.5,0.003012017848548567
-15.697478991596638,-9.1923076923076916,0.0055454585331038411
-15.697478991596638,-8.884615384615385,0.010177514894393121
-15.697478991596638,-8.5769230769230766,0.018586996453412791
-15.697478991596638,-8.2692307692307701,0.033694257040381995
-15.697478991596638,-7.9615384615384617,0.060423809911751475
-15.697478991596638,-7.6538461538461542,0.10672455172050338
-15.697478991596638,-7.3461538461538458,0.18467576257323301
-15.697478991596638,-7.0384615384615383,0.31117579660507183
-15.697478991596638,-6.7307692307692308,0.50729591571348986
-15.697478991596638,-6.4230769230769234,0.79520983910321585
-15.697478991596638,-6.115384615384615,1.1922316482313096
-15.697478991596638,-5.8076923076923075,1.7032128429175255
-15.697478991596638,-5.5,2.3146177302145499
-15.697478991596638,-5.1923076923076925,2.994133143754282
-15.697478991596638,-4.884615384615385,3.6972872653554858
-15.697478991596638,-4.5769230769230766,4.3784610440280769
-15.697478991596638,-4.2692307692307692,5.0011635200111924
-15.697478991596638,-3.9615384615384617,5.5435127355187124
-15.697478991596638,-3.6538461538461537,5.9981739758077044
-15.697478991596638,-3.3461538461538463,6.3687047365440428
-15.697478991596638,-3.0384615384615383,6.6649046428750456
-15.697478991596638,-2.7307692307692308,6.8989262939540978
-15.697478991596638,-2.4230769230769229,7.0827617330924326
-15.697478991596638,-2.1153846153846154,7.2269751060850211
-15.697478991596638,-1.8076923076923077,7.3402836703182182
-15.697478991596638,-1.5,7.4296062227665347
-15.697478991596638,-1.1923076923076923,7.5003135647667696
-15.697478991596638,-0.88461538461538458,7.5565293031955179
-15.697478991596638,-0.57692307692307687,7.601408931178697
-15.697478991596638,-0.26923076923076922,7.6373713422916758
-15.697478991596638,0.038461538461538464,7.6662798702242316
-15.697478991596638,0.34615384615384615,7.6895793551916798
-15.697478991596638,0.65384615384615385,7.7083982671732567
-15.697478991596638,0.96153846153846156,7.7236244865962682
-15.697478991596638,1.2692307692307692,7.7359619802450261
-15.697478991596638,1.5769230769230769,7.7459741933346056
-15.697478991596638,1.8846153846153846,7.7541184777647238
-15.697478991596638,2.1923076923076925,7.7607737800781198
-15.697478991596638,2.5,7.7662603576776013
-15.546218487394958,-9.5,0.0030120178399686069
-15.546218487394958,-9.1923076923076916,0.0055454585178171074
-15.546218487394958,-8.884615384615385,0.010177514866951492
-15.546218487394958,-8.5769230769230766,0.018586996404236288
-15.546218487394958,-8.2692307692307701,0.033694256953000504
-15.546218487394958,-7.9615384615384617,0.060423809758822285
-15.546218487394958,-7.6538461538461542,0.1067245514591091
-15.546218487394958,-7.3461538461538458,0.18467576214020512
-15.546218487394958,-7.0384615384615383,0.31117579591649003
-15.546218487394958,-6.7307692307692308,0.50729591467162605
-15.546218487394958,-6.4230769230769234,0.79520983761620112
-15.546218487394958,-6.115384615384615,1.1922316462473741
-15.546218487394958,-5.8076923076923075,1.70321284045301
-15.546218487394958,-5.5,2.3146177273736552
-15.546218487394958,-5.1923076923076925,2.994133140714728
-15.546218487394958,-4.884615384615385,3.6972872623281789
-15.546218487394958,-4.5769230769230766,4.3784610412105787
-15.546218487394958,-4.2692307692307692,5.0011635175548452
-15.546218487394958,-3.9615384615384617,5.5435127335233334
-15.546218487394958,-3.6538461538461537,5.9981739743501281
-15.546218487394958,-3.3461538461538463,6.3687047357015416
-15.546218487394958,-3.0384615384615383,6.6649046428685965
-15.546218487394958,-2.7307692307692308,6.8989262951349177
-15.546218487394958,-2.4230769230769229,7.0827617362577202
-15.546218487394958,-2.1153846153846154,7.2269751127261115
-15.546218487394958,-1.8076923076923077,7.3402836830544818
-15.546218487394958,-1.5,7.4296062468974284
-15.546218487394958,-1.1923076923076923,7.5003136096795
-15.546218487394958,-0.88461538461538458,7.5565293855193456
-15.546218487394958,-0.57692307692307687,7.60140908073042
-15.546218487394958,-0.26923076923076922,7.6373716070454432
-15.546218487394958,0.038461538461538464,7.6662803162249773
-15.546218487394958,0.34615384615384615,7.6895800264449834
-15.546218487394958,0.65384615384615385,7.7083989913993669
-15.546218487394958,0.96153846153846156,7.7236241861882124
-15.546218487394958,1.2692307692307692,7.7359566278849616
-15.546218487394958,1.5769230769230769,7.7459516070393857
-15.546218487394958,1.8846153846153846,7.7540473932884213
-15.546218487394958,2.1923076923076925,7.7605857451500952
-15.546218487394958,2.5,7.765829018816139
-15.394957983193278,-9.5,0.0030120178293433996
-15.394957983193278,-9.1923076923076916,0.0055454584981130322
-15.394957983193278,-8.884615384615385,0.010177514830800852
-15.394957983193278,-8.5769230769230766,0.018586996338648284
-15.394957983193278,-8.2692307692307701,0.033694256835663024
-15.394957983193278,-7.9615384615384617,0.060423809552778464
-15.394957983193278,-7.6538461538461542,0.10672455110615926
-15.394957983193278,-7.3461538461538458,0.18467576155485291
-15.394957983193278,-7.0384615384615383,0.31117579498482117
-15.394957983193278,-6.7307692307692308,0.50729591326131174
-15.394957983193278,-6.4230769230769234,0.79520983560333247
-15.394957983193278,-6.115384615384615,1.1922316435577909
-15.394957983193278,-5.8076923076923075,1.7032128371089901
-15.394957983193278,-5.5,2.3146177235113781
-15.394957983193278,-5.1923076923076925,2.9941331365728421
-15.394957983193278,-4.884615384615385,3.6972872581767509
-15.394957983193278,-4.5769230769230766,4.3784610373001973
-15.394957983193278,-4.2692307692307692,5.0011635140480859
-15.394957983193278,-3.9615384615384617,5.5435127304793346
-15.394957983193278,-3.6538461538461537,5.9981739717493623
-15.394957983193278,-3.3461538461538463,6.3687047334307474
-15.394957983193278,-3.0384615384615383,6.6649046407567054
-15.394957983193278,-2.7307692307692308,6.8989262928609927
-15.394957983193278,-2.4230769230769229,7.082761733353923
-15.394957983193278,-2.1153846153846154,7.2269751083987659
-15.394957983193278,-1.8076923076923077,7.3402836758657335
-15.394957983193278,-1.5,7.4296062343265232
-15.394957983193278,-1.1923076923076923,7.5003135869003721
-15.394957983193278,-0.88461538461538458,7.5565293444196326
-15.394957983193278,-0.57692307692307687,7.6014090068684883
-15.394957983193278,-0.26923076923076922,7.6373714782086912
-15.394957983193278,0.038461538461538464,7.666280106072743
-15.394957983193278,0.34615384615384615,7.6895797360311606
-15.394957983193278,0.65384615384615385,7.7083987837838484
-15.394957983193278,0.96153846153846156,7.7236248460812069
-15.394957983193278,1.2692307692307692,7.7359609029559611
-15.394957983193278,1.5769230769230769,7.7459675773035626
-15.394957983193278,1.8846153846153846,7.7540955268054059
-15.394957983193278,2.1923076923076925,7.7607105328698935
-15.394957983193278,2.5,7.7661122372530178
-15.243697478991596,-9.5,0.0030120178145827256
-15.243697478991596,-9.1923076923076916,0.0055454584710657746
-15.243697478991596,-8.884615384615385,0.010177514781497353
-15.243697478991596,-8.5769230769230766,0.018586996249523483
-15.243697478991596,-8.2692307692307701,0.033694256676523371
-15.243697478991596,-7.9615384615384617,0.060423809273626075
-15.243697478991596,-7.6538461538461542,0.10672455062823416
-15.243697478991596,-7.3461538461538458,0.18467576076260281
-15.243697478991596,-7.0384615384615383,0.31117579372396748
-15.243697478991596,-6.7307692307692308,0.50729591135293262
-15.243697478991596,-6.4230769230769234,0.79520983287948244
-15.243697478991596,-6.115384615384615,1.1922316399203248
-15.243697478991596,-5.8076923076923075,1.7032128325874885
-15.243697478991596,-5.5,2.3146177182935372
-15.243697478991596,-5.1923076923076925,2.9941331309786192
-15.243697478991596,-4.884615384615385,3.6972872525844291
-15.243697478991596,-4.5769230769230766,4.3784610320457817
-15.243697478991596,-4.2692307692307692,5.0011635093683253
-15.243697478991596,-3.9615384615384617,5.5435127264959929
-15.243697478991596,-3.6538461538461537,5.9981739684697217
-15.243697478991596,-3.3461538461538463,6.368704730809255
-15.243697478991596,-3.0384615384615383,6.6649046386864184
-15.243697478991596,-2.7307692307692308,6.8989262912896088
-15.243697478991596,-2.4230769230769229,7.0827617322187137
-15.243697478991596,-2.1153846153846154,7.2269751076289328
-15.243697478991596,-1.8076923076923077,7.3402836756474166
-15.243697478991596,-1.5,7.4296062347042842
-15.243697478991596,-1.1923076923076923,7.5003135882760681
-15.243697478991596,-0.88461538461538458,7.5565293473880057
-15.243697478991596,-0.57692307692307687,7.6014090127725229
-15.243697478991596,-0.26923076923076922,7.6373714890220423
-15.243697478991596,0.038461538461538464,7.6662801255046737
-15.243697478991596,0.34615384615384615,7.6895797680510567
-15.243697478991596,0.65384615384615385,7.7083988316567158
-15.243697478991596,0.96153846153846156,7.7236248962656431
-15.243697478991596,1.2692307692307692,7.7359608839118357
-15.243697478991596,1.5769230769230769,7.7459672502840382
-15.243697478991596,1.8846153846153846,7.7540942412039522
-15.243697478991596,2.1923076923076925,7.7607068223407412
-15.243697478991596,2.5,7.7661033560076485
-15.092436974789916,-9.5,0.0030120177945040581
-15.092436974789916,-9.1923076923076916,0.0055454584343594682
-15.092436974789916,-8.884615384615385,0.010177514714677146
-15.092436974789916,-8.5769230769230766,0.018586996128815179
-15.092436974789916,-8.2692307692307701,0.033694256461090782
-15.092436974789916,-7.9615384615384617,0.060423808895762342
-15.092436974789916,-7.6538461538461542,0.10672454998143133
-15.092436974789916,-7.3461538461538458,0.18467575969036523
-15.092436974789916,-7.0384615384615383,0.31117579201781026
-15.092436974789916,-6.7307692307692308,0.50729590877050157
-15.092436974789916,-6.4230769230769234,0.79520982919404026
-15.092436974789916,-6.115384615384615,1.1922316349984325
-15.092436974789916,-5.8076923076923075,1.7032128264688591
-15.092436974789916,-5.5,2.314617711233502
-15.092436974789916,-5.1923076923076925,2.994133123410553
-15.092436974789916,-4.884615384615385,3.6972872450203296
-15.092436974789916,-4.5769230769230766,4.3784610249448184
-15.092436974789916,-4.2692307692307692,5.0011635030642605
-15.092436974789916,-3.9615384615384617,5.5435127211411617
-15.092436974789916,-3.6538461538461537,5.9981739640910012
-15.092436974789916,-3.3461538461538463,6.3687047273670769
-15.092436974789916,-3.0384615384615383,6.664904636106848
-15.092436974789916,-2.7307692307692308,6.898926289543069
-15.092436974789916,-2.4230769230769229,7.0827617313893096
-15.092436974789916,-2.1153846153846154,7.2269751079593076
-15.092436974789916,-1.8076923076923077,7.340283677658487
-15.092436974789916,-1.5,7.4296062395097104
-15.092436974789916,-1.1923076923076923,7.5003135979980833
-15.092436974789916,-0.88461538461538458,7.5565293655862398
-15.092436974789916,-0.57692307692307687,7.6014090451340852
-15.092436974789916,-0.26923076923076922,7.6373715424905377
-15.092436974789916,0.038461538461538464,7.6662801996871588
-15.092436974789916,0.34615384615384615,7.6895798174556118
-15.092436974789916,0.65384615384615385,7.7083986266416797
-15.092436974789916,0.96153846153846156,7.7236235804221618
-15.092436974789916,1.2692307692307692,7.7359557125223439
-15.092436974789916,1.5769230769230769,7.7459504713145497
-15.092436974789916,1.8846153846153846,7.7540466151637055
-15.092436974789916,2.1923076923076925,7.7605870351080846
-15.092436974789916,2.5,7.7658359712199694
-14.941176470588236,-9.5,0.0030120177676904876
-14.941176470588236,-9.1923076923076916,0.0055454583850449426
-14.941176470588236,-8.884615384615385,0.010177514624607016
-14.941176470588236,-8.5769230769230766,0.018586995965819801
-14.941176470588236,-8.2692307692307701,0.033694256169888019
-14.941176470588236,-7.9615384615384617,0.060423808384780335
-14.941176470588236,-7.6538461538461542,0.10672454910643546
-14.941176470588236,-7.3461538461538458,0.18467575823965227
-14.941176470588236,-7.0384615384615383,0.31117578970913656
-14.941176470588236,-6.7307692307692308,0.50729590527587398
-14.941176470588236,-6.4230769230769234,0.79520982420654041
-14.941176470588236,-6.115384615384615,1.1922316283368108
-14.941176470588236,-5.8076923076923075,1.7032128181875321
-14.941176470588236,-5.5,2.3146177016755987
-14.941176470588236,-5.1923076923076925,2.9941331131613103
-14.941176470588236,-4.884615384615385,3.6972872347644472
-14.941176470588236,-4.5769230769230766,4.378461015306593
-14.941176470588236,-4.2692307692307692,5.0011634944632748
-14.941176470588236,-3.9615384615384617,5.5435127137859945
-14.941176470588236,-3.6538461538461537,5.9981739579694322
-14.941176470588236,-3.3461538461538463,6.3687047223077373
-14.941176470588236,-3.0384615384615383,6.6649046319151175
-14.941176470588236,-2.7307692307692308,6.8989262858542775
-14.941176470588236,-2.4230769230769229,7.0827617277848356
-14.941176470588236,-2.1153846153846154,7.2269751039085763
-14.941176470588236,-1.8076923076923077,7.3402836720710782
-14.941176470588236,-1.5,7.4296062308443904
-14.941176470588236,-1.1923076923076923,7.500313583370966
-14.941176470588236,-0.88461538461538458,7.556529340313074
-14.941176470588236,-0.57692307692307687,7.6014090021751839
-14.941176470588236,-0.26923076923076922,7.6373714746815722
-14.941176470588236,0.038461538461538464,7.6662801141928609
-14.941176470588236,0.34615384615384615,7.6895797996891675
-14.941176470588236,0.65384615384615385,7.7083990633484945
-14.941176470588236,0.96153846153846156,7.7236258757895744
-14.941176470588236,1.2692307692307692,7.7359642989832009
-14.941176470588236,1.5769230769230769,7.7459777888913299
-14.941176470588236,1.8846153846153846,7.7541234282957872
-14.941176470588236,2.1923076923076925,7.7607792816135444
-14.941176470588236,2.5,7.766263878745514
-14.789915966386555,-9.5,0.003012017731027293
-14.789915966386555,-9.1923076923076916,0.0055454583179342888
-14.789915966386555,-8.884615384615385,0.010177514502350009
-14.789915966386555,-8.5769230769230766,0.018586995744880003
-14.789915966386555,-8.2692307692307701,0.033694255775468876
-14.789915966386555,-7.9615384615384617,0.060423807692962975
-14.789915966386555,-7.6538461538461542,0.10672454792208806
-14.789915966386555,-7.3461538461538458,0.18467575627628038
-14.789915966386555,-7.0384615384615383,0.3111757865848323
-14.789915966386555,-6.7307692307692308,0.50729590054691387
-14.789915966386555,-6.4230769230769234,0.79520981745760422
-14.789915966386555,-6.115384615384615,1.1922316193231219
-14.789915966386555,-5.8076923076923075,1.7032128069834214
-14.789915966386555,-5.5,2.31461768874677
-14.789915966386555,-5.1923076923076925,2.9941330993016932
-14.789915966386555,-4.884615384615385,3.6972872209094736
-14.789915966386555,-4.5769230769230766,4.378461002296639
-14.789915966386555,-4.2692307692307692,5.0011634828925828
-14.789915966386555,-3.9615384615384617,5.5435127039409258
-14.789915966386555,-3.6538461538461537,5.9981739498903455
-14.789915966386555,-3.3461538461538463,6.368704715894812
-14.789915966386555,-3.0384615384615383,6.6649046269612384
-14.789915966386555,-2.7307692307692308,6.8989262822562774
-14.789915966386555,-2.4230769230769229,7.0827617254900987
-14.789915966386555,-2.1153846153846154,7.2269751030504956
-14.789915966386555,-1.8076923076923077,7.3402836732348486
-14.789915966386555,-1.5,7.4296062349761121
-14.789915966386555,-1.1923076923076923,7.5003135924837228
-14.789915966386555,-0.88461538461538458,7.5565293578417183
-14.789915966386555,-0.57692307692307687,7.6014090329056403
-14.789915966386555,-0.26923076923076922,7.6373715222904188
-14.789915966386555,0.038461538461538464,7.6662801662125952
-14.789915966386555,0.34615384615384615,7.6895797673360891
-14.789915966386555,0.65384615384615385,7.7083985710600231
-14.789915966386555,0.96153846153846156,7.7236235953443932
-14.789915966386555,1.2692307692307692,7.7359560811220671
-14.789915966386555,1.5769230769230769,7.7459520553138628
-14.789915966386555,1.8846153846153846,7.7540516354689224
-14.789915966386555,2.1923076923076925,7.7606003487159745
-14.789915966386555,2.5,7.7658665580574802
-14.638655462184873,-9.5,0.0030120176816606872
-14.638655462184873,-9.1923076923076916,0.0055454582273649451
-14.638655462184873,-8.884615384615385,0.01017751433715447
-14.638655462184873,-8.5769230769230766,0.018586995446139822
-14.638655462184873,-8.2692307692307701,0.03369425524196188
-14.638655462184873,-7.9615384615384617,0.060423806756995969
-14.638655462184873,-7.6538461538461542,0.10672454631958231
-14.638655462184873,-7.3461538461538458,0.18467575361953678
-14.638655462184873,-7.0384615384615383,0.31117578235702953
-14.638655462184873,-6.7307692307692308,0.50729589414756282
-14.638655462184873,-6.4230769230769234,0.79520980832434485
-14.638655462184873,-6.115384615384615,1.1922316071250192
-14.638655462184873,-5.8076923076923075,1.7032127918200226
-14.638655462184873,-5.5,2.3146176712473445
-14.638655462184873,-5.1923076923076925,2.9941330805400228
-14.638655462184873,-4.884615384615385,3.6972872021453012
-14.638655462184873,-4.5769230769230766,4.378460984668112
-14.638655462184873,-4.2692307692307692,5.0011634671923453
-14.638655462184873,-3.9615384615384617,5.5435126905442367
-14.638655462184873,-3.6538461538461537,5.9981739388254738
-14.638655462184873,-3.3461538461538463,6.3687047069398597
-14.638655462184873,-3.0384615384615383,6.6649046197947328
-14.638655462184873,-2.7307692307692308,6.8989262764787966
-14.638655462184873,-2.4230769230769229,7.0827617207324582
-14.638655462184873,-2.1153846153846154,7.2269750988958688
-14.638655462184873,-1.8076923076923077,7.3402836691654496
-14.638655462184873,-1.5,7.429606230339485
-14.638655462184873,-1.1923076923076923,7.5003135863178452
-14.638655462184873,-0.88461538461538458,7.5565293484844354
-14.638655462184873,-0.57692307692307687,7.6014090184615632
-14.638655462184873,-0.26923076923076922,7.6373715018835355
-14.638655462184873,0.038461538461538464,7.6662801482871963
-14.638655462184873,0.34615384615384615,7.6895798010822842
-14.638655462184873,0.65384615384615385,7.7083988566016819
-14.638655462184873,0.96153846153846156,7.7236248279913342
-14.638655462184873,1.2692307692307692,7.7359604157307995
-14.638655462184873,1.5769230769230769,7.7459654822834985
-14.638655462184873,1.8846153846153846,7.7540888874711289
-14.638655462184873,2.1923076923076925,7.7606929183125946
-14.638655462184873,2.5,7.7660717634293679
-14.487394957983193,-9.5,0.0030120176147823106
-14.487394957983193,-9.1923076923076916,0.0055454581047307732
-14.487394957983193,-8.884615384615385,0.010177514113532122
-14.487394957983193,-8.5769230769230766,0.018586995041810613
-14.487394957983193,-8.2692307692307701,0.033694254519952116
-14.487394957983193,-7.9615384615384617,0.060423805490360062
-14.487394957983193,-7.6538461538461542,0.10672454415099183
-14.487394957983193,-7.3461538461538458,0.18467575002436004
-14.487394957983193,-7.0384615384615383,0.3111757766359029
-14.487394957983193,-6.7307692307692308,0.50729588548785054
-14.487394957983193,-6.4230769230769234,0.79520979596553176
-14.487394957983193,-6.115384615384615,1.1922315906185377
-14.487394957983193,-5.8076923076923075,1.7032127713009888
-14.487394957983193,-5.5,2.3146176475680789
-14.487394957983193,-5.1923076923076925,2.9941330551540397
-14.487394957983193,-4.884615384615385,3.6972871767583615
-14.487394957983193,-4.5769230769230766,4.3784609608214291
-14.487394957983193,-4.2692307692307692,5.0011634459609633
-14.487394957983193,-3.9615384615384617,5.5435126724473873
-14.487394957983193,-3.6538461538461537,5.9981739238947709
-14.487394957983193,-3.3461538461538463,6.3687046949050314
-14.487394957983193,-3.0384615384615383,6.6649046102368121
-14.487394957983193,-2.7307692307692308,6.8989262689395847
-14.487394957983193,-2.4230769230769229,7.0827617148004753
-14.487394957983193,-2.1153846153846154,7.2269750941978792
-14.487394957983193,-1.8076923076923077,7.340283665399328
-14.487394957983193,-1.5,7.4296062272215568
-14.487394957983193,-1.1923076923076923,7.5003135835935764
-14.487394957983193,-0.88461538461538458,7.5565293459048206
-14.487394957983193,-0.57692307692307687,7.6014090158299759
-14.487394957983193,-0.26923076923076922,7.637371499590385
-14.487394957983193,0.038461538461538464,7.666280149081234
-14.487394957983193,0.34615384615384615,7.6895798170333229
-14.487394957983193,0.65384615384615385,7.7083989318438695
-14.487394957983193,0.96153846153846156,7.7236251096346678
-14.487394957983193,1.2692307692307692,7.7359613530901825
-14.487394957983193,1.5769230769230769,7.7459683086923974
-14.487394957983193,1.8846153846153846,7.7540966220324101
-14.487394957983193,2.1923076923076925,7.7607119926399424
-14.487394957983193,2.5,7.7661138595765333
-14.336134453781513,-9.5,0.0030120175242256621
-14.336134453781513,-9.1923076923076916,0.0055454579387244508
-14.336134453781513,-8.884615384615385,0.010177513810868516
-14.336134453781513,-8.5769230769230766,0.018586994494608652
-14.336134453781513,-8.2692307692307701,0.033694253542853471
-14.336134453781513,-7.9615384615384617,0.060423803776281461
-14.336134453781513,-7.6538461538461542,0.10672454121638286
-14.336134453781513,-7.3461538461538458,0.18467574515925061
-14.336134453781513,-7.0384615384615383,0.31117576889393772
-14.336134453781513,-6.7307692307692308,0.50729587376950669
-14.336134453781513,-6.4230769230769234,0.79520977924117198
-14.336134453781513,-6.115384615384615,1.1922315682820528
-14.336134453781513,-5.8076923076923075,1.7032127435346918
-14.336134453781513,-5.5,2.3146176155251594
-14.336134453781513,-5.1923076923076925,2.9941330208011991
-14.336134453781513,-4.884615384615385,3.6972871424060121
-14.336134453781513,-4.5769230769230766,4.378460928556323
-14.336134453781513,-4.2692307692307692,5.0011634172387227
-14.336134453781513,-3.9615384615384617,5.5435126479664794
-14.336134453781513,-3.6538461538461537,5.9981739037157205
-14.336134453781513,-3.3461538461538463,6.3687046786732449
-14.336134453781513,-3.0384615384615383,6.6649045974033454
-14.336134453781513,-2.7307692307692308,6.8989262589367915
-14.336134453781513,-2.4230769230769229,7.0827617071174966
-14.336134453781513,-2.1153846153846154,7.2269750884784631
-14.336134453781513,-1.8076923076923077,7.3402836614507407
-14.336134453781513,-1.5,7.4296062251430302
-14.336134453781513,-1.1923076923076923,7.5003135837395085
-14.336134453781513,-0.88461538461538458,7.5565293489442444
-14.336134453781513,-0.57692307692307687,7.6014090224725539
-14.336134453781513,-0.26923076923076922,7.6373715078143691
-14.336134453781513,0.038461538461538464,7.6662801435343395
-14.336134453781513,0.34615384615384615,7.6895797297486466
-14.336134453781513,0.65384615384615385,7.7083985090186466
-14.336134453781513,0.96153846153846156,7.7236234990306363
-14.336134453781513,1.2692307692307692,7.7359559523792178
-14.336134453781513,1.5769230769230769,7.7459519466224771
-14.336134453781513,1.8846153846153846,7.7540517409113461
-14.336134453781513,2.1923076923076925,7.7606011577911804
-14.336134453781513,2.5,7.7658690493803446
-14.184873949579831,-9.5,0.0030120174017983117
-14.184873949579831,-9.1923076923076916,0.0055454577141975346
-14.184873949579831,-8.884615384615385,0.010177513401414793
-14.184873949579831,-8.5769230769230766,0.018586993754240635
-14.184873949579831,-8.2692307692307701,0.033694252220741447
-14.184873949579831,-7.9615384615384617,0.060423801456872678
-14.184873949579831,-7.6538461538461542,0.10672453724531462
-14.184873949579831,-7.3461538461538458,0.18467573857582312
-14.184873949579831,-7.0384615384615383,0.31117575841741502
-14.184873949579831,-6.7307692307692308,0.50729585791183107
-14.184873949579831,-6.4230769230769234,0.79520975660942927
-14.184873949579831,-6.115384615384615,1.1922315380554804
-14.184873949579831,-5.8076923076923075,1.7032127059602018
-14.184873949579831,-5.5,2.3146175721633426
-14.184873949579831,-5.1923076923076925,2.9941329743124383
-14.184873949579831,-4.884615384615385,3.6972870959157453
-14.184873949579831,-4.5769230769230766,4.3784608848857376
-14.184873949579831,-4.2692307692307692,5.0011633783522322
-14.184873949579831,-3.9615384615384617,5.5435126148082841
-14.184873949579831,-3.6538461538461537,5.9981738763493722
-14.184873949579831,-3.3461538461538463,6.3687046565941987
-14.184873949579831,-3.0384615384615383,6.6649045798255671
-14.184873949579831,-2.7307692307692308,6.8989262449995756
-14.184873949579831,-2.4230769230769229,7.0827616959876751
-14.184873949579831,-2.1153846153846154,7.2269750793901082
-14.184873949579831,-1.8076923076923077,7.3402836536377105
-14.184873949579831,-1.5,7.4296062178043103
-14.184873949579831,-1.1923076923076923,7.5003135758571968
-14.184873949579831,-0.88461538461538458,7.5565293393590842
-14.184873949579831,-0.57692307692307687,7.6014090104397596
-14.184873949579831,-0.26923076923076922,7.6373714965668791
-14.184873949579831,0.038461538461538464,7.6662801550089528
-14.184873949579831,0.34615384615384615,7.6895798574662857
-14.184873949579831,0.65384615384615385,7.7083990976440315
-14.184873949579831,0.96153846153846156,7.7236256983036231
-14.184873949579831,1.2692307692307692,7.7359632614687666
-14.184873949579831,1.5769230769230769,7.7459739895433906
-14.184873949579831,1.8846153846153846,7.754112061753573
-14.184873949579831,2.1923076923076925,7.7607499201867789
-14.184873949579831,2.5,7.7661973744797113
-14.033613445378151,-9.5,0.0030120172360178633
-14.033613445378151,-9.1923076923076916,0.005545457410254224
-14.033613445378151,-8.884615384615385,0.010177512847226356
-14.033613445378151,-8.5769230769230766,0.018586992752256056
-14.033613445378151,-8.2692307692307701,0.033694250431539299
-14.033613445378151,-7.9615384615384617,0.060423798318107562
-14.033613445378151,-7.6538461538461542,0.10672453187150842
-14.033613445378151,-7.3461538461538458,0.18467572966692614
-14.033613445378151,-7.0384615384615383,0.31117574424043598
-14.033613445378151,-6.7307692307692308,0.50729583645307064
-14.033613445378151,-6.4230769230769234,0.79520972598388451
-14.033613445378151,-6.115384615384615,1.1922314971527257
-14.033613445378151,-5.8076923076923075,1.7032126551143245
-14.033613445378151,-5.5,2.3146175134862559
-14.033613445378151,-5.1923076923076925,2.9941329114058965
-14.033613445378151,-4.884615384615385,3.6972870330080689
-14.033613445378151,-4.5769230769230766,4.3784608257976254
-14.033613445378151,-4.2692307692307692,5.0011633257478367
-14.033613445378151,-3.9615384615384617,5.5435125699673335
-14.033613445378151,-3.6538461538461537,5.9981738393754638
-14.033613445378151,-3.3461538461538463,6.3687046268270855
-14.033613445378151,-3.0384615384615383,6.6649045562382954
-14.033613445378151,-2.7307692307692308,6.8989262265056244
-14.033613445378151,-2.4230769230769229,7.0827616816163008
-14.033613445378151,-2.1153846153846154,7.2269750683623064
-14.033613445378151,-1.8076923076923077,7.3402836454318718
-14.033613445378151,-1.5,7.4296062121044937
-14.033613445378151,-1.1923076923076923,7.5003135727591195
-14.033613445378151,-0.88461538461538458,7.5565293391270973
-14.033613445378151,-0.57692307692307687,7.6014090129007279
-14.033613445378151,-0.26923076923076922,7.6373714982575223
-14.033613445378151,0.038461538461538464,7.6662801367963596
-14.033613445378151,0.34615384615384615,7.6895797417037919
-14.033613445378151,0.65384615384615385,7.7083986012938892
-14.033613445378151,0.96153846153846156,7.7236238835151116
-14.033613445378151,1.2692307692307692,7.7359572828780738
-14.033613445378151,1.5769230769230769,7.7459560329767978
-14.033613445378151,1.8846153846153846,7.7540630286196288
-14.033613445378151,2.1923076923076925,7.760629137429417
-14.033613445378151,2.5,7.7659309851310807
-13.882352941176471,-9.5,0.0030120170117460239
-13.882352941176471,-9.1923076923076916,0.0055454569990180591
-13.882352941176471,-8.884615384615385,0.010177512097353928
-13.882352941176471,-8.5769230769230766,0.018586991396417146
-13.882352941176471,-8.2692307692307701,0.033694248010417358
-13.882352941176471,-7.9615384615384617,0.060423794070741638
-13.882352941176471,-7.6538461538461542,0.10672452459964327
-13.882352941176471,-7.3461538461538458,0.18467571761130869
-13.882352941176471,-7.0384615384615383,0.31117572505592606
-13.882352941176471,-6.7307692307692308,0.50729580741474367
-13.882352941176471,-6.4230769230769234,0.7952096845409129
-13.882352941176471,-6.115384615384615,1.1922314418023365
-13.882352941176471,-5.8076923076923075,1.7032125863085152
-13.882352941176471,-5.5,2.3146174340830834
-13.882352941176471,-5.1923076923076925,2.99413282627807
-13.882352941176471,-4.884615384615385,3.6972869478785637
-13.882352941176471,-4.5769230769230766,4.3784607458341389
-13.882352941176471,-4.2692307692307692,5.00116325455505
-13.882352941176471,-3.9615384615384617,5.5435125092697897
-13.882352941176471,-3.6538461538461537,5.998173789309531
-13.882352941176471,-3.3461538461538463,6.3687045864814182
-13.882352941176471,-3.0384615384615383,6.6649045242068947
-13.882352941176471,-2.7307692307692308,6.898926201274004
-13.882352941176471,-2.4230769230769229,7.0827616617763827
-13.882352941176471,-2.1153846153846154,7.2269750527010901
-13.882352941176471,-1.8076923076923077,7.340283632938382
-13.882352941176471,-1.5,7.4296062019697633
-13.882352941176471,-1.1923076923076923,7.5003135641889722
-13.882352941176471,-0.88461538461538458,7.5565293315397781
-13.882352941176471,-0.57692307692307687,7.6014090060140473
-13.882352941176471,-0.26923076923076922,7.6373714933072394
-13.882352941176471,0.038461538461538464,7.6662801416211162
-13.882352941176471,0.34615384615384615,7.6895797881807217
-13.882352941176471,0.65384615384615385,7.7083988053418642
-13.882352941176471,0.96153846153846156,7.7236246282599872
-13.882352941176471,1.2692307692307692,7.7359597278444454
-13.882352941176471,1.5769230769230769,7.745963359965967
-13.882352941176471,1.8846153846153846,7.7540830098380553
-13.882352941176471,2.1923076923076925,7.7606783212997277
-13.882352941176471,2.5,7.7660394107538657
-13.731092436974789,-9.5,0.0030120167082450067
-13.731092436974789,-9.1923076923076916,0.0055454564425139897
-13.731092436974789,-8.884615384615385,0.010177511082601535
-13.731092436974789,-8.5769230769230766,0.018586989561661667
-13.731092436974789,-8.2692307692307701,0.033694244734106926
-13.731092436974789,-7.9615384615384617,0.06042378832312599
-13.731092436974789,-7.6538461538461542,0.1067245147592296
-13.731092436974789,-7.3461538461538458,0.18467570129745131
-13.731092436974789,-7.0384615384615383,0.31117569909512111
-13.731092436974789,-6.7307692307692308,0.50729576811965282
-13.731092436974789,-6.4230769230769234,0.79520962845966248
-13.731092436974789,-6.115384615384615,1.1922313669012605
-13.731092436974789,-5.8076923076923075,1.7032124931997072
-13.731092436974789,-5.5,2.3146173266337433
-13.731092436974789,-5.1923076923076925,2.9941327110820479
-13.731092436974789,-4.884615384615385,3.6972868326801636
-13.731092436974789,-4.5769230769230766,4.378460637627323
-13.731092436974789,-4.2692307692307692,5.0011631582157463
-13.731092436974789,-3.9615384615384617,5.5435124271375216
-13.731092436974789,-3.6538461538461537,5.9981737215661353
-13.731092436974789,-3.3461538461538463,6.3687045319029743
-13.731092436974789,-3.0384615384615383,6.6649044808864142
-13.731092436974789,-2.7307692307692308,6.8989261671718598
-13.731092436974789,-2.4230769230769229,7.082761635002857
-13.731092436974789,-2.1153846153846154,7.2269750316594727
-13.731092436974789,-1.8076923076923077,7.3402836163215293
-13.731092436974789,-1.5,7.4296061887102915
-13.731092436974789,-1.1923076923076923,7.5003135534941743
-13.731092436974789,-0.88461538461538458,7.5565293227564583
-13.731092436974789,-0.57692307692307687,7.6014089987994913
-13.731092436974789,-0.26923076923076922,7.6373714884940265
-13.731092436974789,0.038461538461538464,7.6662801439483097
-13.731092436974789,0.34615384615384615,7.6895798172135468
-13.731092436974789,0.65384615384615385,7.7083989301247344
-13.731092436974789,0.96153846153846156,7.7236250752768738
-13.731092436974789,1.2692307692307692,7.7359611804798476
-13.731092436974789,1.5769230769230769,7.7459676884198672
-13.731092436974789,1.8846153846153846,7.7540947761271592
-13.731092436974789,2.1923076923076925,7.7607072295455373
-13.731092436974789,2.5,7.766103072167696
-13.579831932773109,-9.5,0.0030120162975183036
-13.579831932773109,-9.1923076923076916,0.0055454556894193336
-13.579831932773109,-8.884615384615385,0.010177509709398649
-13.579831932773109,-8.5769230769230766,0.018586987078817067
-13.579831932773109,-8.2692307692307701,0.033694240300528477
-13.579831932773109,-7.9615384615384617,0.060423780545336966
-13.579831932773109,-7.6538461538461542,0.10672450144300598
-13.579831932773109,-7.3461538461538458,0.18467567922126285
-13.579831932773109,-7.0384615384615383,0.31117566396452195
-13.579831932773109,-6.7307692307692308,0.50729571494485692
-13.579831932773109,-6.4230769230769234,0.79520955256955417
-13.579831932773109,-6.115384615384615,1.1922312655439786
-13.579831932773109,-5.8076923076923075,1.7032123672034394
-13.579831932773109,-5.5,2.3146171812313932
-13.579831932773109,-5.1923076923076925,2.9941325551976448
-13.579831932773109,-4.884615384615385,3.6972866767927717
-13.579831932773109,-4.5769230769230766,4.3784604912020688
-13.579831932773109,-4.2692307692307692,5.0011630278533552
-13.579831932773109,-3.9615384615384617,5.5435123160017756
-13.579831932773109,-3.6538461538461537,5.9981736299055628
-13.579831932773109,-3.3461538461538463,6.368704458063438
-13.579831932773109,-3.0384615384615383,6.6649044223061917
-13.579831932773109,-2.7307692307692308,6.8989261210997945
-13.579831932773109,-2.4230769230769229,7.0827615989149457
-13.579831932773109,-2.1153846153846154,7.2269750034390805
-13.579831932773109,-1.8076923076923077,7.3402835942920799
-13.579831932773109,-1.5,7.4296061716325505
-13.579831932773109,-1.1923076923076923,7.5003135404849335
-13.579831932773109,-0.88461538461538458,7.55652931306917
-13.579831932773109,-0.57692307692307687,7.6014089913780989
-13.579831932773109,-0.26923076923076922,7.6373714795470935
-13.579831932773109,0.038461538461538464,7.666280118000917
-13.579831932773109,0.34615384615384615,7.6895797163215933
-13.579831932773109,0.65384615384615385,7.7083985506594956
-13.579831932773109,0.96153846153846156,7.7236237523899769
-13.579831932773109,1.2692307692307692,7.7359569125413952
-13.579831932773109,1.5769230769230769,7.7459549991192107
-13.579831932773109,1.8846153846153846,7.7540603092560065
-13.579831932773109,2.1923076923076925,7.7606225770657122
-13.579831932773109,2.5,7.7659166882677395
-13.428571428571429,-9.5,0.0030120157417552573
-13.428571428571429,-9.1923076923076916,0.0055454546703586688
-13.428571428571429,-8.884615384615385,0.010177507851197743
-13.428571428571429,-8.5769230769230766,0.018586983719031117
-13.428571428571429,-8.2692307692307701,0.033694234300975616
-13.428571428571429,-7.9615384615384617,0.060423770020350494
-13.428571428571429,-7.6538461538461542,0.10672448342331078
-13.428571428571429,-7.3461538461538458,0.1846756493474338
-13.428571428571429,-7.0384615384615383,0.31117561642529362
-13.428571428571429,-6.7307692307692308,0.50729564298788021
-13.428571428571429,-6.4230769230769234,0.79520944987384568
-13.428571428571429,-6.115384615384615,1.1922311283856482
-13.428571428571429,-5.8076923076923075,1.7032121967031095
-13.428571428571429,-5.5,2.3146169844703661
-13.428571428571429,-5.1923076923076925,2.9941323442511707
-13.428571428571429,-4.884615384615385,3.6972864658417843
-13.428571428571429,-4.5769230769230766,4.3784602930543901
-13.428571428571429,-4.2692307692307692,5.0011628514372477
-13.428571428571429,-3.9615384615384617,5.5435121656008359
-13.428571428571429,-3.6538461538461537,5.9981735058522361
-13.428571428571429,-3.3461538461538463,6.368704358106819
-13.428571428571429,-3.0384615384615383,6.6649043429702877
-13.428571428571429,-2.7307692307692308,6.8989260586293106
-13.428571428571429,-2.4230769230769229,7.0827615498577039
-13.428571428571429,-2.1153846153846154,7.2269749648382966
-13.428571428571429,-1.8076923076923077,7.3402835637332338
-13.428571428571429,-1.5,7.4296061471658339
-13.428571428571429,-1.1923076923076923,7.5003135205299518
-13.428571428571429,-0.88461538461538458,7.5565292965271844
-13.428571428571429,-0.57692307692307687,7.6014089780959262
-13.428571428571429,-0.26923076923076922,7.6373714729580495
-13.428571428571429,0.038461538461538464,7.6662801356444277
-13.428571428571429,0.34615384615384615,7.6895798257364758
-13.428571428571429,0.65384615384615385,7.7083989905999308
-13.428571428571429,0.96153846153846156,7.7236253013455318
-13.428571428571429,1.2692307692307692,7.7359619120812599
-13.428571428571429,1.5769230769230769,7.7459698519581224
-13.428571428571429,1.8846153846153846,7.7541006254230327
-13.428571428571429,2.1923076923076925,7.7607215512491612
-13.428571428571429,2.5,7.7661345439137079
-13.277310924369749,-9.5,0.0030120149896541819
-13.277310924369749,-9.1923076923076916,0.0055454532913160933
-13.277310924369749,-8.884615384615385,0.010177505336616391
-13.277310924369749,-8.5769230769230766,0.018586979172481623
-13.277310924369749,-8.2692307692307701,0.033694226182254809
-13.277310924369749,-7.9615384615384617,0.060423755777734948
-13.277310924369749,-7.6538461538461542,0.10672445903873858
-13.277310924369749,-7.3461538461538458,0.18467560892167714
-13.277310924369749,-7.0384615384615383,0.31117555209440989
-13.277310924369749,-6.7307692307692308,0.50729554561457857
-13.277310924369749,-6.4230769230769234,0.79520931090441849
-13.277310924369749,-6.115384615384615,1.1922309427809537
-13.277310924369749,-5.8076923076923075,1.7032119659794827
-13.277310924369749,-5.5,2.3146167182107713
-13.277310924369749,-5.1923076923076925,2.9941320587958877
-13.277310924369749,-4.884615384615385,3.6972861803812758
-13.277310924369749,-4.5769230769230766,4.3784600249204262
-13.277310924369749,-4.2692307692307692,5.0011626127136575
-13.277310924369749,-3.9615384615384617,5.5435119620843052
-13.277310924369749,-3.6538461538461537,5.9981733379964712
-13.277310924369749,-3.3461538461538463,6.3687042228776756
-13.277310924369749,-3.0384615384615383,6.6649042356626831
-13.277310924369749,-2.7307692307692308,6.8989259742032525
-13.277310924369749,-2.4230769230769229,7.0827614836625443
-13.277310924369749,-2.1153846153846154,7.2269749129561172
-13.277310924369749,-1.8076923076923077,7.3402835230320926
-13.277310924369749,-1.5,7.4296061152173802
-13.277310924369749,-1.1923076923076923,7.5003134955000563
-13.277310924369749,-0.88461538461538458,7.5565292769555636
-13.277310924369749,-0.57692307692307687,7.6014089622957117
-13.277310924369749,-0.26923076923076922,7.6373714569874744
-13.277310924369749,0.038461538461538464,7.6662801057038346
-13.277310924369749,0.34615384615384615,7.6895797322310813
-13.277310924369749,0.65384615384615385,7.708398661035134
-13.277310924369749,0.96153846153846156,7.7236241763641793
-13.277310924369749,1.2692307692307692,7.7359583114713013
-13.277310924369749,1.5769230769230769,7.7459591856076733
-13.277310924369749,1.8846153846153846,7.7540717054285517
-13.277310924369749,2.1923076923076925,7.7606505925077434
-13.277310924369749,2.5,7.7659783991024049
-13.126050420168067,-9.5,0.0030120139719169076
-13.126050420168067,-9.1923076923076916,0.005545451425191545
-13.126050420168067,-8.884615384615385,0.010177501933862977
-13.126050420168067,-8.5769230769230766,0.018586973020036819
-13.126050420168067,-8.2692307692307701,0.033694215195889984
-13.126050420168067,-7.9615384615384617,0.060423736504420004
-13.126050420168067,-7.6538461538461542,0.10672442604116944
-13.126050420168067,-7.3461538461538458,0.18467555421691381
-13.126050420168067,-7.0384615384615383,0.31117546504086446
-13.126050420168067,-6.7307692307692308,0.5072954138474558
-13.126050420168067,-6.4230769230769234,0.79520912284873257
-13.126050420168067,-6.115384615384615,1.192230691617576
-13.126050420168067,-5.8076923076923075,1.7032116537605471
-13.126050420168067,-5.5,2.3146163579037378
-13.126050420168067,-5.1923076923076925,2.9941316725130416
-13.126050420168067,-4.884615384615385,3.6972857940906003
-13.126050420168067,-4.5769230769230766,4.3784596620759162
-13.126050420168067,-4.2692307692307692,5.0011622896668788
-13.126050420168067,-3.9615384615384617,5.5435116866781486
-13.126050420168067,-3.6538461538461537,5.9981731108418561
-13.126050420168067,-3.3461538461538463,6.3687040398648085
-13.126050420168067,-3.0384615384615383,6.6649040904264929
-13.126050420168067,-2.7307692307692308,6.8989258599013743
-13.126050420168067,-2.4230769230769229,7.0827613939905749
-13.126050420168067,-2.1153846153846154,7.2269748425691098
-13.126050420168067,-1.8076923076923077,7.3402834676083142
-13.126050420168067,-1.5,7.4296060713919116
-13.126050420168067,-1.1923076923076923,7.5003134606473667
-13.126050420168067,-0.88461538461538458,7.5565292490994764
-13.126050420168067,-0.57692307692307687,7.6014089400727567
-13.126050420168067,-0.26923076923076922,7.63737144013772
-13.126050420168067,0.038461538461538464,7.6662800972364353
-13.126050420168067,0.34615384615384615,7.6895797457013693
-13.126050420168067,0.65384615384615385,7.7083987460429109
-13.126050420168067,0.96153846153846156,7.7236244946616779
-13.126050420168067,1.2692307692307692,7.7359593511225793
-13.126050420168067,1.5769230769230769,7.7459622790634626
-13.126050420168067,1.8846153846153846,7.7540801011186185
-13.126050420168067,2.1923076923076925,7.7606711950658802
-13.126050420168067,2.5,7.7660237345525909
-12.974789915966387,-9.5,0.0030120125946980071
-12.974789915966387,-9.1923076923076916,0.0055454488999215502
-12.974789915966387,-8.884615384615385,0.010177497329203708
-12.974789915966387,-8.5769230769230766,0.018586964694451747
-12.974789915966387,-8.2692307692307701,0.033694200328968957
-12.974789915966387,-7.9615384615384617,0.06042371042346828
-12.974789915966387,-7.6538461538461542,0.10672438138834002
-12.974789915966387,-7.3461538461538458,0.18467548018957269
-12.974789915966387,-7.0384615384615383,0.3111753472386336
-12.974789915966387,-6.7307692307692308,0.50729523553814548
-12.974789915966387,-6.4230769230769234,0.79520886836882221
-12.974789915966387,-6.115384615384615,1.1922303517393673
-12.974789915966387,-5.8076923076923075,1.7032112312608076
-12.974789915966387,-5.5,2.3146158703305559
-12.974789915966387,-5.1923076923076925,2.9941311497888563
-12.974789915966387,-4.884615384615385,3.6972852713560442
-12.974789915966387,-4.5769230769230766,4.3784591710689771
-12.974789915966387,-4.2692307692307692,5.0011618525148416
-12.974789915966387,-3.9615384615384617,5.5435113139952641
-12.974789915966387,-3.6538461538461537,5.9981728034533779
-12.974789915966387,-3.3461538461538463,6.3687037922097138
-12.974789915966387,-3.0384615384615383,6.6649038938911982
-12.974789915966387,-2.7307692307692308,6.898925705226401
-12.974789915966387,-2.4230769230769229,7.0827612726451958
-12.974789915966387,-2.1153846153846154,7.2269747473284882
-12.974789915966387,-1.8076923076923077,7.3402833926335473
-12.974789915966387,-1.5,7.4296060121144007
-12.974789915966387,-1.1923076923076923,7.5003134135450171
-12.974789915966387,-0.88461538461538458,7.5565292115256781
-12.974789915966387,-0.57692307692307687,7.6014089102311448
-12.974789915966387,-0.26923076923076922,7.6373714178310657
-12.974789915966387,0.038461538461538464,7.666280086593015
-12.974789915966387,0.34615384615384615,7.6895797656757781
-12.974789915966387,0.65384615384615385,7.7083988645800394
-12.974789915966387,0.96153846153846156,7.7236249339373053
-12.974789915966387,1.2692307692307692,7.7359607771874499
-12.974789915966387,1.5769230769230769,7.7459665111761575
-12.974789915966387,1.8846153846153846,7.7540915711937828
-12.974789915966387,2.1923076923076925,7.7606993210311863
-12.974789915966387,2.5,7.7660855967058504
-12.823529411764707,-9.5,0.0030120107310140209
-12.823529411764707,-9.1923076923076916,0.0055454454826774878
-12.823529411764707,-8.884615384615385,0.010177491098097373
-12.823529411764707,-8.5769230769230766,0.018586953428131527
-12.823529411764707,-8.2692307692307701,0.033694180210813114
-12.823529411764707,-7.9615384615384617,0.060423675130314311
-12.823529411764707,-7.6538461538461542,0.10672432096343649
-12.823529411764707,-7.3461538461538458,0.18467538001462952
-12.823529411764707,-7.0384615384615383,0.31117518782682141
-12.823529411764707,-6.7307692307692308,0.50729499424720181
-12.823529411764707,-6.4230769230769234,0.79520852400264952
-12.823529411764707,-6.115384615384615,1.1922298918108996
-12.823529411764707,-5.8076923076923075,1.7032106595277683
-12.823529411764707,-5.5,2.3146152105388897
-12.823529411764707,-5.1923076923076925,2.9941304424305355
-12.823529411764707,-4.884615384615385,3.6972845639837519
-12.823529411764707,-4.5769230769230766,4.3784585066312083
-12.823529411764707,-4.2692307692307692,5.0011612609555502
-12.823529411764707,-3.9615384615384617,5.543510809676353
-12.823529411764707,-3.6538461538461537,5.9981723874959281
-12.823529411764707,-3.3461538461538463,6.3687034570895218
-12.823529411764707,-3.0384615384615383,6.6649036279529366
-12.823529411764707,-2.7307692307692308,6.8989254959513664
-12.823529411764707,-2.4230769230769229,7.0827611084985147
-12.823529411764707,-2.1153846153846154,7.226974618545789
-12.823529411764707,-1.8076923076923077,7.3402832913715823
-12.823529411764707,-1.5,7.4296059322240344
-12.823529411764707,-1.1923076923076923,7.5003133503030099
-12.823529411764707,-0.88461538461538458,7.5565291611938408
-12.823529411764707,-0.57692307692307687,7.6014088694435573
-12.823529411764707,-0.26923076923076922,7.6373713816045044
-12.823529411764707,0.038461538461538464,7.6662800419645896
-12.823529411764707,0.34615384615384615,7.68957966991589
-12.823529411764707,0.65384615384615385,7.7083985736417286
-12.823529411764707,0.96153846153846156,7.7236239842962666
-12.823529411764707,1.2692307692307692,7.7359577822168006
-12.823529411764707,1.5769230769230769,7.7459576890147019
-12.823529411764707,1.8846153846153846,7.7540677130985571
-12.823529411764707,2.1923076923076925,7.7606408601503212
-12.823529411764707,2.5,7.765957048997663
-12.672268907563025,-9.5,0.0030120082090622771
-12.672268907563025,-9.1923076923076916,0.0055454408584244249
-12.672268907563025,-8.884615384615385,0.01017748266608336
-12.672268907563025,-8.5769230769230766,0.018586938182389896
-12.672268907563025,-8.2692307692307701,0.033694152986630282
-12.672268907563025,-7.9615384615384617,0.060423627371094392
-12.672268907563025,-7.6538461538461542,0.10672423919554848
-12.672268907563025,-7.3461538461538458,0.18467524445636457
-12.672268907563025,-7.0384615384615383,0.31117497210832412
-12.672268907563025,-6.7307692307692308,0.50729466772859999
-12.672268907563025,-6.4230769230769234,0.79520805800104788
-12.672268907563025,-6.115384615384615,1.1922292694285495
-12.672268907563025,-5.8076923076923075,1.7032098858496456
-12.672268907563025,-5.5,2.3146143176985197
-12.672268907563025,-5.1923076923076925,2.9941294852217855
-12.672268907563025,-4.884615384615385,3.6972836067562191
-12.672268907563025,-4.5769230769230766,4.3784576075026376
-12.672268907563025,-4.2692307692307692,5.0011604604455933
-12.672268907563025,-3.9615384615384617,5.5435101272215972
-12.672268907563025,-3.6538461538461537,5.9981718246092202
-12.672268907563025,-3.3461538461538463,6.3687030035869761
-12.672268907563025,-3.0384615384615383,6.6649032680611144
-12.672268907563025,-2.7307692307692308,6.898925212716021
-12.672268907563025,-2.4230769230769229,7.0827608862976472
-12.672268907563025,-2.1153846153846154,7.2269744441421118
-12.672268907563025,-1.8076923076923077,7.340283154083739
-12.672268907563025,-1.5,7.4296058236921771
-12.672268907563025,-1.1923076923076923,7.5003132640770778
-12.672268907563025,-0.88461538461538458,7.5565290924669952
-12.672268907563025,-0.57692307692307687,7.6014088151134613
-12.672268907563025,-0.26923076923076922,7.6373713417499589
-12.672268907563025,0.038461538461538464,7.6662800262003792
-12.672268907563025,0.34615384615384615,7.6895797197295845
-12.672268907563025,0.65384615384615385,7.708398836504891
-12.672268907563025,0.96153846153846156,7.7236249400139787
-12.672268907563025,1.2692307692307692,7.7359608697651296
-12.672268907563025,1.5769230769230769,7.7459668347519042
-12.672268907563025,1.8846153846153846,7.7540924767367931
-12.672268907563025,2.1923076923076925,7.760701555933176
-12.672268907563025,2.5,7.7660905130685149
-12.521008403361344,-9.5,0.0030120047963091176
-12.521008403361344,-9.1923076923076916,0.0055454346008063093
-12.521008403361344,-8.884615384615385,0.010177471255746843
-12.521008403361344,-8.5769230769230766,0.018586917551615824
-12.521008403361344,-8.2692307692307701,0.033694116146454768
-12.521008403361344,-7.9615384615384617,0.060423562742600627
-12.521008403361344,-7.6538461538461542,0.10672412854601743
-12.521008403361344,-7.3461538461538458,0.1846750610169057
-12.521008403361344,-7.0384615384615383,0.31117468019483302
-12.521008403361344,-6.7307692307692308,0.50729422587871775
-12.521008403361344,-6.4230769230769234,0.79520742740065775
-12.521008403361344,-6.115384615384615,1.1922284272113715
-12.521008403361344,-5.8076923076923075,1.7032088388966331
-12.521008403361344,-5.5,2.3146131094932958
-12.521008403361344,-5.1923076923076925,2.9941281899125327
-12.521008403361344,-4.884615384615385,3.6972823114212061
-12.521008403361344,-4.5769230769230766,4.3784563907886458
-12.521008403361344,-4.2692307692307692,5.0011593771847496
-12.521008403361344,-3.9615384615384617,5.543509203714887
-12.521008403361344,-3.6538461538461537,5.9981710629069909
-12.521008403361344,-3.3461538461538463,6.368702389910271
-12.521008403361344,-3.0384615384615383,6.6649027810649901
-12.521008403361344,-2.7307692307692308,6.8989248294680419
-12.521008403361344,-2.4230769230769229,7.0827605856717515
-12.521008403361344,-2.1153846153846154,7.2269742082435737
-12.521008403361344,-1.8076923076923077,7.3402829685041775
-12.521008403361344,-1.5,7.4296056771483796
-12.521008403361344,-1.1923076923076923,7.5003131478787521
-12.521008403361344,-0.88461538461538458,7.5565289998813121
-12.521008403361344,-0.57692307692307687,7.6014087406063426
-12.521008403361344,-0.26923076923076922,7.6373712794961834
-12.521008403361344,0.038461538461538464,7.6662799656587115
-12.521008403361344,0.34615384615384615,7.6895796312559535
-12.521008403361344,0.65384615384615385,7.7083986243638911
-12.521008403361344,0.96153846153846156,7.7236242997365441
-12.521008403361344,1.2692307692307692,7.7359588934805004
-12.521008403361344,1.5769230769230769,7.745961049154217
-12.521008403361344,1.8846153846153846,7.7540768624263174
-12.521008403361344,2.1923076923076925,7.7606633246395766
-12.521008403361344,2.5,7.7660064780075082
-12.369747899159664,-9.5,0.0030120001781274563
-12.369747899159664,-9.1923076923076916,0.0055454261329124779
-12.369747899159664,-8.884615384615385,0.010177455815120385
-12.369747899159664,-8.5769230769230766,0.018586889633760675
-12.369747899159664,-8.2692307692307701,0.033694066293803303
-12.369747899159664,-7.9615384615384617,0.060423475286393503
-12.369747899159664,-7.6538461538461542,0.10672397881347652
-12.369747899159664,-7.3461538461538458,0.18467481278396425
-12.369747899159664,-7.0384615384615383,0.31117428517323825
-12.369747899159664,-6.7307692307692308,0.5072936279609922
-12.369747899159664,-6.4230769230769234,0.79520657406292106
-12.369747899159664,-6.115384615384615,1.1922272875105546
-12.369747899159664,-5.8076923076923075,1.7032074221441236
-12.369747899159664,-5.5,2.3146114745317878
-12.369747899159664,-5.1923076923076925,2.9941264370802632
-12.369747899159664,-4.884615384615385,3.6972805585537962
-12.369747899159664,-4.5769230769230766,4.378454744312033
-12.369747899159664,-4.2692307692307692,5.0011579112985007
-12.369747899159664,-3.9615384615384617,5.5435079540104883
-12.369747899159664,-3.6538461538461537,5.9981700321573834
-12.369747899159664,-3.3461538461538463,6.3687015594679952
-12.369747899159664,-3.0384615384615383,6.6649021220481117
-12.369747899159664,-2.7307692307692308,6.8989243108378133
-12.369747899159664,-2.4230769230769229,7.0827601788319194
-12.369747899159664,-2.1153846153846154,7.2269738889747064
-12.369747899159664,-1.8076923076923077,7.3402827172852305
-12.369747899159664,-1.5,7.429605478703734
-12.369747899159664,-1.1923076923076923,7.5003129904300154
-12.369747899159664,-0.88461538461538458,7.5565288744332326
-12.369747899159664,-0.57692307692307687,7.6014086403145722
-12.369747899159664,-0.26923076923076922,7.6373711993626623
-12.369747899159664,0.038461538461538464,7.6662799026961057
-12.369747899159664,0.34615384615384615,7.6895795863142533
-12.369747899159664,0.65384615384615385,7.7083986090078875
-12.369747899159664,0.96153846153846156,7.7236243571837839
-12.369747899159664,1.2692307692307692,7.7359591573056798
-12.369747899159664,1.5769230769230769,7.7459618867639177
-12.369747899159664,1.8846153846153846,7.7540791708900931
-12.369747899159664,2.1923076923076925,7.7606690102777405
-12.369747899159664,2.5,7.7660189983500461
-12.218487394957982,-9.5,0.0030119939287416098
-12.218487394957982,-9.1923076923076916,0.0055454146740433067
-12.218487394957982,-8.884615384615385,0.010177434920653879
-12.218487394957982,-8.5769230769230766,0.018586851854936803
-12.218487394957982,-8.2692307692307701,0.033693998832509488
-12.218487394957982,-7.9615384615384617,0.060423356939446983
-12.218487394957982,-7.6538461538461542,0.10672377619332681
-12.218487394957982,-7.3461538461538458,0.18467447687168997
-12.218487394957982,-7.0384615384615383,0.31117375062448022
-12.218487394957982,-6.7307692307692308,0.50729281885026989
-12.218487394957982,-6.4230769230769234,0.79520541931412358
-12.218487394957982,-6.115384615384615,1.1922257452509746
-12.218487394957982,-5.8076923076923075,1.7032055049740913
-12.218487394957982,-5.5,2.3146092620778096
-12.218487394957982,-5.1923076923076925,2.994124065121575
-12.218487394957982,-4.884615384615385,3.697278186547412
-12.218487394957982,-4.5769230769230766,4.3784525162752024
-12.218487394957982,-4.2692307692307692,5.0011559276391342
-12.218487394957982,-3.9615384615384617,5.543506262891035
-12.218487394957982,-3.6538461538461537,5.9981686373309744
-12.218487394957982,-3.3461538461538463,6.3687004357004309
-12.218487394957982,-3.0384615384615383,6.6649012302537924
-12.218487394957982,-2.7307692307692308,6.8989236090171246
-12.218487394957982,-2.4230769230769229,7.0827596282865475
-12.218487394957982,-2.1153846153846154,7.226973456928504
-12.218487394957982,-1.8076923076923077,7.3402823773194674
-12.218487394957982,-1.5,7.4296052101434249
-12.218487394957982,-1.1923076923076923,7.5003127773533906
-12.218487394957982,-0.88461538461538458,7.5565287046952765
-12.218487394957982,-0.57692307692307687,7.6014085048599584
-12.218487394957982,-0.26923076923076922,7.6373710921993139
-12.218487394957982,0.038461538461538464,7.6662798228585673
-12.218487394957982,0.34615384615384615,7.6895795459044152
-12.218487394957982,0.65384615384615385,7.708398660719368
-12.218487394957982,0.96153846153846156,7.7236246792163445
-12.218487394957982,1.2692307692307692,7.7359602879058258
-12.218487394957982,1.5769230769230769,7.74596529727018
-12.218487394957982,1.8846153846153846,7.7540884438951974
-12.218487394957982,2.1923076923076925,7.760691758246594
-12.218487394957982,2.5,7.7660690238168026
-12.067226890756302,-9.5,0.0030119854719883694
-12.067226890756302,-9.1923076923076916,0.0055453991677504094
-12.067226890756302,-8.884615384615385,0.01017740664598878
-12.067226890756302,-8.5769230769230766,0.018586800732141393
-12.067226890756302,-8.2692307692307701,0.033693907543011534
-12.067226890756302,-7.9615384615384617,0.060423196790819873
-12.067226890756302,-7.6538461538461542,0.10672350200509521
-12.067226890756302,-7.3461538461538458,0.18467402231078225
-12.067226890756302,-7.0384615384615383,0.31117302726599777
-12.067226890756302,-6.7307692307692308,0.50729172395078526
-12.067226890756302,-6.4230769230769234,0.79520385669236926
-12.067226890756302,-6.115384615384615,1.1922236582441195
-12.067226890756302,-5.8076923076923075,1.7032029106328095
-12.067226890756302,-5.5,2.314606268153792
-12.067226890756302,-5.1923076923076925,2.9941208553531484
-12.067226890756302,-4.884615384615385,3.6972749767141657
-12.067226890756302,-4.5769230769230766,4.3784495012633213
-12.067226890756302,-4.2692307692307692,5.0011532433224533
-12.067226890756302,-3.9615384615384617,5.5435039744441781
-12.067226890756302,-3.6538461538461537,5.9981667498328415
-12.067226890756302,-3.3461538461538463,6.3686989150058144
-12.067226890756302,-3.0384615384615383,6.6649000234712954
-12.067226890756302,-2.7307692307692308,6.8989226593156214
-12.067226890756302,-2.4230769230769229,7.0827588833035371
-12.067226890756302,-2.1153846153846154,7.2269728723185302
-12.067226890756302,-1.8076923076923077,7.3402819173463207
-12.067226890756302,-1.5,7.4296048468368232
-12.067226890756302,-1.1923076923076923,7.5003124891391977
-12.067226890756302,-0.88461538461538458,7.5565284749829349
-12.067226890756302,-0.57692307692307687,7.6014083205451719
-12.067226890756302,-0.26923076923076922,7.6373709415838356
-12.067226890756302,0.038461538461538464,7.6662796908412858
-12.067226890756302,0.34615384615384615,7.6895793993589727
-12.067226890756302,0.65384615384615385,7.7083984016418405
-12.067226890756302,0.96153846153846156,7.7236240030108583
-12.067226890756302,1.2692307692307692,7.7359582929603432
-12.067226890756302,1.5769230769230769,7.745959531502864
-12.067226890756302,1.8846153846153846,7.7540729450253636
-12.067226890756302,2.1923076923076925,7.7606538637739693
-12.067226890756302,2.5,7.7659857790583597
-11.915966386554622,-9.5,0.0030119740282160703
-11.915966386554622,-9.1923076923076916,0.0055453781844584356
-11.915966386554622,-8.884615384615385,0.010177368384385937
-11.915966386554622,-8.5769230769230766,0.018586731552178989
-11.915966386554622,-8.2692307692307701,0.033693784008990549
-11.915966386554622,-7.9615384615384617,0.060422980075801526
-11.915966386554622,-7.6538461538461542,0.10672313097029686
-11.915966386554622,-7.3461538461538458,0.18467340719345807
-11.915966386554622,-7.0384615384615383,0.31117204840842577
-11.915966386554622,-6.7307692307692308,0.50729024231914377
-11.915966386554622,-6.4230769230769234,0.79520174213274353
-11.915966386554622,-6.115384615384615,1.1922208340793885
-11.915966386554622,-5.8076923076923075,1.7031993999358597
-11.915966386554622,-5.5,2.3146022167353553
-11.915966386554622,-5.1923076923076925,2.9941165118501845
-11.915966386554622,-4.884615384615385,3.6972706331226082
-11.915966386554622,-4.5769230769230766,4.3784454213060204
-11.915966386554622,-4.2692307692307692,5.0011496108657889
-11.915966386554622,-3.9615384615384617,5.5435008776833792
-11.915966386554622,-3.6538461538461537,5.9981641956406886
-11.915966386554622,-3.3461538461538463,6.3686968571747808
-11.915966386554622,-3.0384615384615383,6.6648983904283785
-11.915966386554622,-2.7307692307692308,6.8989213741500146
-11.915966386554622,-2.4230769230769229,7.0827578751552682
-11.915966386554622,-2.1153846153846154,7.2269720811662825
-11.915966386554622,-1.8076923076923077,7.340281294819806
-11.915966386554622,-1.5,7.4296043550764637
-11.915966386554622,-1.1923076923076923,7.5003120989949137
-11.915966386554622,-0.88461538461538458,7.5565281642069593
-11.915966386554622,-0.57692307692307687,7.6014080725026218
-11.915966386554622,-0.26923076923076922,7.6373707450295676
-11.915966386554622,0.038461538461538464,7.6662795427226698
-11.915966386554622,0.34615384615384615,7.689579317225105
-11.915966386554622,0.65384615384615385,7.7083984664670346
-11.915966386554622,0.96153846153846156,7.7236244903123703
-11.915966386554622,1.2692307692307692,7.7359600361745509
-11.915966386554622,1.5769230769230769,7.7459648091598305
-11.915966386554622,1.8846153846153846,7.754087305651816
-11.915966386554622,2.1923076923076925,7.7606890965462796
-11.915966386554622,2.5,7.7660632576069357
-11.764705882352942,-9.5,0.0030119585423846224
-11.764705882352942,-9.1923076923076916,0.0055453497896524812
-11.764705882352942,-8.884615384615385,0.010177316608393923
-11.764705882352942,-8.5769230769230766,0.018586637937146207
-11.764705882352942,-8.2692307692307701,0.033693616841482921
-11.764705882352942,-7.9615384615384617,0.060422686814789364
-11.764705882352942,-7.6538461538461542,0.10672262888210984
-11.764705882352942,-7.3461538461538458,0.18467257481012594
-11.764705882352942,-7.0384615384615383,0.31117072380768018
-11.764705882352942,-6.7307692307692308,0.50728823735864415
-11.764705882352942,-6.4230769230769234,0.79519888068637901
-11.764705882352942,-6.115384615384615,1.1922170123862441
-11.764705882352942,-5.8076923076923075,1.7031946492179353
-11.764705882352942,-5.5,2.3145967343050753
-11.764705882352942,-5.1923076923076925,2.9941106341659403
-11.764705882352942,-4.884615384615385,3.6972647553171574
-11.764705882352942,-4.5769230769230766,4.378439900252717
-11.764705882352942,-4.2692307692307692,5.0011446953757535
-11.764705882352942,-3.9615384615384617,5.5434966871040752
-11.764705882352942,-3.6538461538461537,5.9981607392730876
-11.764705882352942,-3.3461538461538463,6.3686940724909258
-11.764705882352942,-3.0384615384615383,6.6648961805763864
-11.764705882352942,-2.7307692307692308,6.8989196350563153
-11.764705882352942,-2.4230769230769229,7.0827565109316266
-11.764705882352942,-2.1153846153846154,7.2269710106014511
-11.764705882352942,-1.8076923076923077,7.3402804524659482
-11.764705882352942,-1.5,7.4296036897071067
-11.764705882352942,-1.1923076923076923,7.5003115711241666
-11.764705882352942,-0.88461538461538458,7.5565277435655371
-11.764705882352942,-0.57692307692307687,7.6014077357093512
-11.764705882352942,-0.26923076923076922,7.6373704732904999
-11.764705882352942,0.038461538461538464,7.6662793184472893
-11.764705882352942,0.34615384615384615,7.6895791158776534
-11.764705882352942,0.65384615384615385,7.7083982322507527
-11.764705882352942,0.96153846153846156,7.7236240642356204
-11.764705882352942,1.2692307692307692,7.7359589578730557
-11.764705882352942,1.5769230769230769,7.7459618345779297
-11.764705882352942,1.8846153846153846,7.7540794151696968
-11.764705882352942,2.1923076923076925,7.7606698805687087
-11.764705882352942,2.5,7.7660210996994472
-11.61344537815126,-9.5,0.003011937586835791
-11.61344537815126,-9.1923076923076916,0.0055453113655759036
-11.61344537815126,-8.884615384615385,0.010177246544707644
-11.61344537815126,-8.5769230769230766,0.018586511256527875
-11.61344537815126,-8.2692307692307701,0.033693390629044029
-11.61344537815126,-7.9615384615384617,0.060422289971547825
-11.61344537815126,-7.6538461538461542,0.10672194945210306
-11.61344537815126,-7.3461538461538458,0.18467144842171099
-11.61344537815126,-7.0384615384615383,0.31116893134595258
-11.61344537815126,-6.7307692307692308,0.5072855242271993
-11.61344537815126,-6.4230769230769234,0.79519500854897229
-11.61344537815126,-6.115384615384615,1.1922118408316813
-11.61344537815126,-5.8076923076923075,1.7031882204951134
-11.61344537815126,-5.5,2.3145893154183979
-11.61344537815126,-5.1923076923076925,2.9941026804143731
-11.61344537815126,-4.884615384615385,3.6972568013988747
-11.61344537815126,-4.5769230769230766,4.3784324290937757
-11.61344537815126,-4.2692307692307692,5.0011380436709301
-11.61344537815126,-3.9615384615384617,5.5434910163567794
-11.61344537815126,-3.6538461538461537,5.9981560620699605
-11.61344537815126,-3.3461538461538463,6.3686903042186911
-11.61344537815126,-3.0384615384615383,6.6648931901731112
-11.61344537815126,-2.7307692307692308,6.8989172816872939
-11.61344537815126,-2.4230769230769229,7.0827546648394843
-11.61344537815126,-2.1153846153846154,7.2269695618860883
-11.61344537815126,-1.8076923076923077,7.340279312562572
-11.61344537815126,-1.5,7.4296027892908727
-11.61344537815126,-1.1923076923076923,7.5003108567765224
-11.61344537815126,-0.88461538461538458,7.556527174389374
-11.61344537815126,-0.57692307692307687,7.6014072803946551
-11.61344537815126,-0.26923076923076922,7.6373701077534193
-11.61344537815126,0.038461538461538464,7.6662790239544858
-11.61344537815126,0.34615384615384615,7.6895788774142728
-11.61344537815126,0.65384615384615385,7.7083980365651623
-11.61344537815126,0.96153846153846156,7.7236238962510511
-11.61344537815126,1.2692307692307692,7.7359587921679882
-11.61344537815126,1.5769230769230769,7.7459616157388371
-11.61344537815126,1.8846153846153846,7.7540790175546634
-11.61344537815126,2.1923076923076925,7.7606690435967742
-11.61344537815126,2.5,7.7660193543544542
-11.46218487394958,-9.5,0.0030119092296819641
-11.46218487394958,-9.1923076923076916,0.0055452593699205632
-11.46218487394958,-8.884615384615385,0.010177151734167056
-11.46218487394958,-8.5769230769230766,0.018586339831651647
-11.46218487394958,-8.2692307692307701,0.033693084517156004
-11.46218487394958,-7.9615384615384617,0.060421752961064681
-11.46218487394958,-7.6538461538461542,0.10672103004346245
-11.46218487394958,-7.3461538461538458,0.18466992418597722
-11.46218487394958,-7.0384615384615383,0.31116650577497618
-11.46218487394958,-6.7307692307692308,0.50728185279857618
-11.46218487394958,-6.4230769230769234,0.7951897687431051
-11.46218487394958,-6.115384615384615,1.1922048426413361
-11.46218487394958,-5.8076923076923075,1.7031795210900236
-11.46218487394958,-5.5,2.3145792761097357
-11.46218487394958,-5.1923076923076925,2.9940919173161311
-11.46218487394958,-4.884615384615385,3.6972460380702565
-11.46218487394958,-4.5769230769230766,4.3784223190362814
-11.46218487394958,-4.2692307692307692,5.0011290425053279
-11.46218487394958,-3.9615384615384617,5.5434833426323546
-11.46218487394958,-3.6538461538461537,5.9981497328201767
-11.46218487394958,-3.3461538461538463,6.3686852049445388
-11.46218487394958,-3.0384615384615383,6.6648891435200461
-11.46218487394958,-2.7307692307692308,6.8989140970766956
-11.46218487394958,-2.4230769230769229,7.0827521666819031
-11.46218487394958,-2.1153846153846154,7.2269676014614399
-11.46218487394958,-1.8076923076923077,7.340277770020192
-11.46218487394958,-1.5,7.4296015708221361
-11.46218487394958,-1.1923076923076923,7.5003098901104224
-11.46218487394958,-0.88461538461538458,7.5565264042345266
-11.46218487394958,-0.57692307692307687,7.6014066646315532
-11.46218487394958,-0.26923076923076922,7.6373696147548236
-11.46218487394958,0.038461538461538464,7.666278631968459
-11.46218487394958,0.34615384615384615,7.6895785789722275
-11.46218487394958,0.65384615384615385,7.7083978575803371
-11.46218487394958,0.96153846153846156,7.7236239571328049
-11.46218487394958,1.2692307692307692,7.7359594788018473
-11.46218487394958,1.5769230769230769,7.7459639975794357
-11.46218487394958,1.8846153846153846,7.754085708541143
-11.46218487394958,2.1923076923076925,7.7606856029049833
-11.46218487394958,2.5,7.7660558647697151
-11.3109243697479,-9.5,0.0030118708567475915
-11.3109243697479,-9.1923076923076916,0.005545189009336449
-11.3109243697479,-8.884615384615385,0.010177023436421457
-11.3109243697479,-8.5769230769230766,0.018586107859268137
-11.3109243697479,-8.2692307692307701,0.03369267028606409
-11.3109243697479,-7.9615384615384617,0.060421026277491949
-11.3109243697479,-7.6538461538461542,0.10671978589768637
-11.3109243697479,-7.3461538461538458,0.18466786158618032
-11.3109243697479,-7.0384615384615383,0.31116322348460695
-11.3109243697479,-6.7307692307692308,0.50727688460721854
-11.3109243697479,-6.4230769230769234,0.79518267821357724
-11.3109243697479,-6.115384615384615,1.1921953726518486
-11.3109243697479,-5.8076923076923075,1.7031677489995931
-11.3109243697479,-5.5,2.3145656908440864
-11.3109243697479,-5.1923076923076925,2.9940773526036617
-11.3109243697479,-4.884615384615385,3.6972314730372307
-11.3109243697479,-4.5769230769230766,4.3784086380085032
-11.3109243697479,-4.2692307692307692,5.0011168620353752
-11.3109243697479,-3.9615384615384617,5.5434729584661948
-11.3109243697479,-3.6538461538461537,5.9981411680097922
-11.3109243697479,-3.3461538461538463,6.3686783045505617
-11.3109243697479,-3.0384615384615383,6.6648836675454879
-11.3109243697479,-2.7307692307692308,6.8989097876291705
-11.3109243697479,-2.4230769230769229,7.0827487861530969
-11.3109243697479,-2.1153846153846154,7.2269649486062013
-11.3109243697479,-1.8076923076923077,7.3402756826591649
-11.3109243697479,-1.5,7.4295999220111373
-11.3109243697479,-1.1923076923076923,7.5003085820150357
-11.3109243697479,-0.88461538461538458,7.5565253619016088
-11.3109243697479,-0.57692307692307687,7.6014058304212053
-11.3109243697479,-0.26923076923076922,7.6373689433636978
-11.3109243697479,0.038461538461538464,7.6662780845887601
-11.3109243697479,0.34615384615384615,7.6895781120649715
-11.3109243697479,0.65384615384615385,7.7083973922576581
-11.3109243697479,0.96153846153846156,7.7236232903317292
-11.3109243697479,1.2692307692307692,7.7359580403477137
-11.3109243697479,1.5769230769230769,7.7459602597044297
-11.3109243697479,1.8846153846153846,7.7540759721883621
-11.3109243697479,2.1923076923076925,7.7606620235350556
-11.3109243697479,2.5,7.7660042291029105
-11.159663865546218,-9.5,0.0030118189306543421
-11.159663865546218,-9.1923076923076916,0.0055450937976835495
-11.159663865546218,-8.884615384615385,0.010176849824424098
-11.159663865546218,-8.5769230769230766,0.018585793955123543
-11.159663865546218,-8.2692307692307701,0.03369210975002733
-11.159663865546218,-7.9615384615384617,0.060420042931619691
-11.159663865546218,-7.6538461538461542,0.10671810232304255
-11.159663865546218,-7.3461538461538458,0.18466507048056002
-11.159663865546218,-7.0384615384615383,0.311158781893842
-11.159663865546218,-6.7307692307692308,0.50727016165308425
-11.159663865546218,-6.4230769230769234,0.79517308330505876
-11.159663865546218,-6.115384615384615,1.192182557845874
-11.159663865546218,-5.8076923076923075,1.7031518189722819
-11.159663865546218,-5.5,2.3145473072059346
-11.159663865546218,-5.1923076923076925,2.9940576435565389
-11.159663865546218,-4.884615384615385,3.6972117635403472
-11.159663865546218,-4.5769230769230766,4.3783901247398829
-11.159663865546218,-4.2692307692307692,5.0011003793228674
-11.159663865546218,-3.9615384615384617,5.5434589065198505
-11.159663865546218,-3.6538461538461537,5.9981295780274788
-11.159663865546218,-3.3461538461538463,6.3686689668690581
-11.159663865546218,-3.0384615384615383,6.6648762573999516
-11.159663865546218,-2.7307692307692308,6.8989039560373735
-11.159663865546218,-2.4230769230769229,7.0827442115801373
-11.159663865546218,-2.1153846153846154,7.2269613587214234
-11.159663865546218,-1.8076923076923077,7.3402728579968075
-11.159663865546218,-1.5,7.4295976907905361
-11.159663865546218,-1.1923076923076923,7.5003068118859328
-11.159663865546218,-0.88461538461538458,7.5565239515937312
-11.159663865546218,-0.57692307692307687,7.6014047026506386
-11.159663865546218,-0.26923076923076922,7.6373680396389476
-11.159663865546218,0.038461538461538464,7.6662773628912699
-11.159663865546218,0.34615384615384615,7.6895775509055362
-11.159663865546218,0.65384615384615385,7.7083970123004297
-11.159663865546218,0.96153846153846156,7.7236232258943414
-11.159663865546218,1.2692307692307692,7.7359587408856436
-11.159663865546218,1.5769230769230769,7.7459629829271632
-11.159663865546218,1.8846153846153846,7.7540838000135359
-11.159663865546218,2.1923076923076925,7.7606815156251132
-11.159663865546218,2.5,7.766047285169404
-11.008403361344538,-9.5,0.0030117486648523822
-11.008403361344538,-9.1923076923076916,0.0055449649583434266
-11.008403361344538,-8.884615384615385,0.010176614894592061
-11.008403361344538,-8.5769230769230766,0.018585369183440326
-11.008403361344538,-8.2692307692307701,0.033691351238556086
-11.008403361344538,-7.9615384615384617,0.060418712277866576
-11.008403361344538,-7.6538461538461542,0.10671582412569224
-11.008403361344538,-7.3461538461538458,0.18466129358043912
-11.008403361344538,-7.0384615384615383,0.31115277156688192
-11.008403361344538,-6.7307692307692308,0.5072610641942632
-11.008403361344538,-6.4230769230769234,0.79516009952228428
-11.008403361344538,-6.115384615384615,1.1921652168937911
-11.008403361344538,-5.8076923076923075,1.7031302624869449
-11.008403361344538,-5.5,2.3145224304678869
-11.008403361344538,-5.1923076923076925,2.9940309732432353
-11.008403361344538,-4.884615384615385,3.6971850925889385
-11.008403361344538,-4.5769230769230766,4.3783650725040264
-11.008403361344538,-4.2692307692307692,5.0010780748265962
-11.008403361344538,-3.9615384615384617,5.5434398913378127
-11.008403361344538,-3.6538461538461537,5.9981138943835779
-11.008403361344538,-3.3461538461538463,6.3686563310506115
-11.008403361344538,-3.0384615384615383,6.6648662299361323
-11.008403361344538,-2.7307692307692308,6.8988960646850774
-11.008403361344538,-2.4230769230769229,7.0827380212377191
-11.008403361344538,-2.1153846153846154,7.2269565008714212
-11.008403361344538,-1.8076923076923077,7.3402690356572897
-11.008403361344538,-1.5,7.4295946715060683
-11.008403361344538,-1.1923076923076923,7.5003044165305255
-11.008403361344538,-0.88461538461538458,7.5565220430123956
-11.008403361344538,-0.57692307692307687,7.6014031757744425
-11.008403361344538,-0.26923076923076922,7.6373668133610053
-11.008403361344538,0.038461538461538464,7.6662763730903034
-11.008403361344538,0.34615384615384615,7.6895767426052766
-11.008403361344538,0.65384615384615385,7.7083963254175938
-11.008403361344538,0.96153846153846156,7.7236225595425294
-11.008403361344538,1.2692307692307692,7.7359578596819851
-11.008403361344538,1.5769230769230769,7.745961291769528
-11.008403361344538,1.8846153846153846,7.7540798825182042
-11.008403361344538,2.1923076923076925,7.7606723841031862
-11.008403361344538,2.5,7.7660275362997142
-10.857142857142858,-9.5,0.0030116535826475322
-10.857142857142858,-9.1923076923076916,0.0055447906156415542
-10.857142857142858,-8.884615384615385,0.010176296992405017
-10.857142857142858,-8.5769230769230766,0.018584794391056283
-10.857142857142858,-8.2692307692307701,0.033690324835950643
-10.857142857142858,-7.9615384615384617,0.060416911662885549
-10.857142857142858,-7.6538461538461542,0.10671274131105521
-10.857142857142858,-7.3461538461538458,0.18465618274467177
-10.857142857142858,-7.0384615384615383,0.31114463848832796
-10.857142857142858,-6.7307692307692308,0.50724875364305
-10.857142857142858,-6.4230769230769234,0.79514253002826307
-10.857142857142858,-6.115384615384615,1.1921417512956389
-10.857142857142858,-5.8076923076923075,1.7031010924243122
-10.857142857142858,-5.5,2.3144887674096659
-10.857142857142858,-5.1923076923076925,2.9939948830708714
-10.857142857142858,-4.884615384615385,3.6971490014991524
-10.857142857142858,-4.5769230769230766,4.3783311718131559
-10.857142857142858,-4.2692307692307692,5.0010478923446096
-10.857142857142858,-3.9615384615384617,5.5434141599392177
-10.857142857142858,-3.6538461538461537,5.9980926712185285
-10.857142857142858,-3.3461538461538463,6.3686392322069025
-10.857142857142858,-3.0384615384615383,6.6648526607255247
-10.857142857142858,-2.7307692307692308,6.8988853860687716
-10.857142857142858,-2.4230769230769229,7.0827296444348873
-10.857142857142858,-2.1153846153846154,7.2269499272030373
-10.857142857142858,-1.8076923076923077,7.340263863246153
-10.857142857142858,-1.5,7.4295905857925728
-10.857142857142858,-1.1923076923076923,7.5003011751277411
-10.857142857142858,-0.88461538461538458,7.5565194603494463
-10.857142857142858,-0.57692307692307687,7.6014011097963792
-10.857142857142858,-0.26923076923076922,7.6373651548165604
-10.857142857142858,0.038461538461538464,7.6662750370987789
-10.857142857142858,0.34615384615384615,7.6895756614356259
-10.857142857142858,0.65384615384615385,7.7083954404669814
-10.857142857142858,0.96153846153846156,7.7236218071957445
-10.857142857142858,1.2692307692307692,7.7359571389390007
-10.857142857142858,1.5769230769230769,7.7459603897215263
-10.857142857142858,1.8846153846153846,7.7540783232656247
-10.857142857142858,2.1923076923076925,7.7606691843053142
-10.857142857142858,2.5,7.7660209302500016
-10.705882352941176,-9.5,0.003011524920656625
-10.705882352941176,-9.1923076923076916,0.0055445547010221311
-10.705882352941176,-8.884615384615385,0.010175866817879244
-10.705882352941176,-8.5769230769230766,0.018584016601130841
-10.705882352941176,-8.2692307692307701,0.033688935941474776
-10.705882352941176,-7.9615384615384617,0.060414475127972649
-10.705882352941176,-7.6538461538461542,0.10670856974079662
-10.705882352941176,-7.3461538461538458,0.18464926691073125
-10.705882352941176,-7.0384615384615383,0.31113363302835739
-10.705882352941176,-6.7307692307692308,0.50723209531345614
-10.705882352941176,-6.4230769230769234,0.79511875538356924
-10.705882352941176,-6.115384615384615,1.1921099981082557
-10.705882352941176,-5.8076923076923075,1.7030616199791961
-10.705882352941176,-5.5,2.3144432150142049
-10.705882352941176,-5.1923076923076925,2.9939460462303318
-10.705882352941176,-4.884615384615385,3.6971001633184977
-10.705882352941176,-4.5769230769230766,4.3782852975817832
-10.705882352941176,-4.2692307692307692,5.0010070495129764
-10.705882352941176,-3.9615384615384617,5.5433793402581459
-10.705882352941176,-3.6538461538461537,5.9980639520460795
-10.705882352941176,-3.3461538461538463,6.3686160940495782
-10.705882352941176,-3.0384615384615383,6.6648342988614857
-10.705882352941176,-2.7307692307692308,6.8988709357554603
-10.705882352941176,-2.4230769230769229,7.0827183089369932
-10.705882352941176,-2.1153846153846154,7.226941031706672
-10.705882352941176,-1.8076923076923077,7.3402568639308079
-10.705882352941176,-1.5,7.4295850569977322
-10.705882352941176,-1.1923076923076923,7.5002967888682237
-10.705882352941176,-0.88461538461538458,7.5565159655630634
-10.705882352941176,-0.57692307692307687,7.6013983144723403
-10.705882352941176,-0.26923076923076922,7.6373629119724038
-10.705882352941176,0.038461538461538464,7.666273235006523
-10.705882352941176,0.34615384615384615,7.6895742196922523
-10.705882352941176,0.65384615384615385,7.7083943178631094
-10.705882352941176,0.96153846153846156,7.7236210398346543
-10.705882352941176,1.2692307692307692,7.7359569547852818
-10.705882352941176,1.5769230769230769,7.7459614931890606
-10.705882352941176,1.8846153846153846,7.7540824842286398
-10.705882352941176,2.1923076923076925,7.7606801977029818
-10.705882352941176,2.5,7.7660456973853638
-10.554621848739496,-9.5,0.0030113508219311021
-10.554621848739496,-9.1923076923076916,0.0055442354735510931
-10.554621848739496,-8.884615384615385,0.010175284727779035
-10.554621848739496,-8.5769230769230766,0.018582964135261379
-10.554621848739496,-8.2692307692307701,0.033687056558780307
-10.554621848739496,-7.9615384615384617,0.060411178127697106
-10.554621848739496,-7.6538461538461542,0.10670292496874709
-10.554621848739496,-7.3461538461538458,0.18463990871652242
-10.554621848739496,-7.0384615384615383,0.3111187409090172
-10.554621848739496,-6.7307692307692308,0.50720955392131739
-10.554621848739496,-6.4230769230769234,0.79508658439243685
-10.554621848739496,-6.115384615384615,1.1920670307183987
-10.554621848739496,-5.8076923076923075,1.7030082069769912
-10.554621848739496,-5.5,2.314381574605334
-10.554621848739496,-5.1923076923076925,2.9938799611931226
-10.554621848739496,-4.884615384615385,3.6970340762870624
-10.554621848739496,-4.5769230769230766,4.3782232211694279
-10.554621848739496,-4.2692307692307692,5.000951781414968
-10.554621848739496,-3.9615384615384617,5.5433322225514372
-10.554621848739496,-3.6538461538461537,5.9980250894528035
-10.554621848739496,-3.3461538461538463,6.368584783624831
-10.554621848739496,-3.0384615384615383,6.6648094516788996
-10.554621848739496,-2.7307692307692308,6.8988513816602186
-10.554621848739496,-2.4230769230769229,7.0827029697959114
-10.554621848739496,-2.1153846153846154,7.2269289943677588
-10.554621848739496,-1.8076923076923077,7.3402473924994398
-10.554621848739496,-1.5,7.4295775754688318
-10.554621848739496,-1.1923076923076923,7.5002908533867432
-10.554621848739496,-0.88461538461538458,7.5565112362912172
-10.554621848739496,-0.57692307692307687,7.6013945311570659
-10.554621848739496,-0.26923076923076922,7.6373598740784425
-10.554621848739496,0.038461538461538464,7.6662707852734586
-10.554621848739496,0.34615384615384615,7.6895722277131924
-10.554621848739496,0.65384615384615385,7.7083926545628723
-10.554621848739496,0.96153846153846156,7.7236195189270687
-10.554621848739496,1.2692307692307692,7.7359551832144193
-10.554621848739496,1.5769230769230769,7.7459585144910506
-10.554621848739496,1.8846153846153846,7.7540760491598464
-10.554621848739496,2.1923076923076925,7.7606655800147504
-10.554621848739496,2.5,7.7660143607444692
-10.403361344537815,-9.5,0.0030111152447622239
-10.403361344537815,-9.1923076923076916,0.0055438035190824991
-10.403361344537815,-8.884615384615385,0.010174497087182417
-10.403361344537815,-8.5769230769230766,0.018581540016695701
-10.403361344537815,-8.2692307692307701,0.033684513515741692
-10.403361344537815,-7.9615384615384617,0.060406716863187673
-10.403361344537815,-7.6538461538461542,0.10669528685577848
-10.403361344537815,-7.3461538461538458,0.18462724583325688
-10.403361344537815,-7.0384615384615383,0.31109858983693267
-10.403361344537815,-6.7307692307692308,0.50717905224547788
-10.403361344537815,-6.4230769230769234,0.7950430523617622
-10.403361344537815,-6.115384615384615,1.1920088893650884
-10.403361344537815,-5.8076923076923075,1.7029359308402454
-10.403361344537815,-5.5,2.3142981651560102
-10.403361344537815,-5.1923076923076925,2.9937905370834375
-10.403361344537815,-4.884615384615385,3.6969446491478166
-10.403361344537815,-4.5769230769230766,4.3781392208159557
-10.403361344537815,-4.2692307692307692,5.0008769937116275
-10.403361344537815,-3.9615384615384617,5.543268463661879
-10.403361344537815,-3.6538461538461537,5.9979725011619225
-10.403361344537815,-3.3461538461538463,6.368542414772187
-10.403361344537815,-3.0384615384615383,6.6647758287776968
-10.403361344537815,-2.7307692307692308,6.8988249212910944
-10.403361344537815,-2.4230769230769229,7.0826822130497655
-10.403361344537815,-2.1153846153846154,7.2269127055806166
-10.403361344537815,-1.8076923076923077,7.340234575868072
-10.403361344537815,-1.5,7.4295674515526109
-10.403361344537815,-1.1923076923076923,7.5002828215909192
-10.403361344537815,-0.88461538461538458,7.5565048368551029
-10.403361344537815,-0.57692307692307687,7.6013894123392491
-10.403361344537815,-0.26923076923076922,7.6373557661643989
-10.403361344537815,0.038461538461538464,7.6662674815616167
-10.403361344537815,0.34615384615384615,7.6895695733897629
-10.403361344537815,0.65384615384615385,7.70839054850497
-10.403361344537815,0.96153846153846156,7.7236179448849711
-10.403361344537815,1.2692307692307692,7.7359543127461317
-10.403361344537815,1.5769230769230769,7.7459589682340093
-10.403361344537815,1.8846153846153846,7.7540794402219424
-10.403361344537815,2.1923076923076925,7.7606754009710519
-10.403361344537815,2.5,7.7660369834294647
-10.252100840336135,-9.5,0.0030107964872965018
-10.252100840336135,-9.1923076923076916,0.0055432190449664735
-10.252100840336135,-8.884615384615385,0.010173431336479766
-10.252100840336135,-8.5769230769230766,0.018579613050843317
-10.252100840336135,-8.2692307692307701,0.033681072536386095
-10.252100840336135,-7.9615384615384617,0.060400680338083178
-10.252100840336135,-7.6538461538461542,0.10668495172364417
-10.252100840336135,-7.3461538461538458,0.18461011163643892
-10.252100840336135,-7.0384615384615383,0.3110713232491763
-10.252100840336135,-6.7307692307692308,0.50713777999783471
-10.252100840336135,-6.4230769230769234,0.79498414827855368
-10.252100840336135,-6.115384615384615,1.1919302166964665
-10.252100840336135,-5.8076923076923075,1.7028381314646199
-10.252100840336135,-5.5,2.3141853002711565
-10.252100840336135,-5.1923076923076925,2.9936695328477803
-10.252100840336135,-4.884615384615385,3.6968236402065897
-10.252100840336135,-4.5769230769230766,4.3780255546673787
-10.252100840336135,-4.2692307692307692,5.000775793408005
-10.252100840336135,-3.9615384615384617,5.543182186944847
-10.252100840336135,-3.6538461538461537,5.9979013400310803
-10.252100840336135,-3.3461538461538463,6.3684850822421
-10.252100840336135,-3.0384615384615383,6.6647303310237112
-10.252100840336135,-2.7307692307692308,6.8987891156998034
-10.252100840336135,-2.4230769230769229,7.0826541254745727
-10.252100840336135,-2.1153846153846154,7.2268906639546575
-10.252100840336135,-1.8076923076923077,7.3402172326919235
-10.252100840336135,-1.5,7.4295537521014525
-10.252100840336135,-1.1923076923076923,7.500271953137772
-10.252100840336135,-0.88461538461538458,7.5564961771961165
-10.252100840336135,-0.57692307692307687,7.6013824852403946
-10.252100840336135,-0.26923076923076922,7.6373502056422859
-10.252100840336135,0.038461538461538464,7.6662630042002631
-10.252100840336135,0.34615384615384615,7.6895659564979617
-10.252100840336135,0.65384615384615385,7.7083876104296962
-10.252100840336135,0.96153846153846156,7.7236155199036496
-10.252100840336135,1.2692307692307692,7.7359522044140343
-10.252100840336135,1.5769230769230769,7.7459568495821234
-10.252100840336135,1.8846153846153846,7.754076656688575
-10.252100840336135,2.1923076923076925,7.7606706538155459
-10.252100840336135,2.5,7.766027974527848
-10.100840336134453,-9.5,0.0030103651933095334
-10.100840336134453,-9.1923076923076916,0.005542428223377702
-10.100840336134453,-8.884615384615385,0.010171989323517787
-10.100840336134453,-8.5769230769230766,0.018577005768828005
-10.100840336134453,-8.2692307692307701,0.033676416710661704
-10.100840336134453,-7.9615384615384617,0.060392512585360873
-10.100840336134453,-7.6538461538461542,0.10667096767757049
-10.100840336134453,-7.3461538461538458,0.18458692796693713
-10.100840336134453,-7.0384615384615383,0.31103442963253164
-10.100840336134453,-6.7307692307692308,0.50708193542496005
-10.100840336134453,-6.4230769230769234,0.79490444594544507
-10.100840336134453,-6.115384615384615,1.1918237649994763
-10.100840336134453,-5.8076923076923075,1.7027057984991874
-10.100840336134453,-5.5,2.3140325809081119
-10.100840336134453,-5.1923076923076925,2.9935057987896325
-10.100840336134453,-4.884615384615385,3.6966598986712791
-10.100840336134453,-4.5769230769230766,4.3778717480134564
-10.100840336134453,-4.2692307692307692,5.0006388541584528
-10.100840336134453,-3.9615384615384617,5.5430654411013318
-10.100840336134453,-3.6538461538461537,5.9978050476557803
-10.100840336134453,-3.3461538461538463,6.368407502021511
-10.100840336134453,-3.0384615384615383,6.6646687651044907
-10.100840336134453,-2.7307692307692308,6.898740664838348
-10.100840336134453,-2.4230769230769229,7.0826161183547134
-10.100840336134453,-2.1153846153846154,7.226860838005603
-10.100840336134453,-1.8076923076923077,7.3401937645273563
-10.100840336134453,-1.5,7.4295352145019979
-10.100840336134453,-1.1923076923076923,7.5002572463489861
-10.100840336134453,-0.88461538461538458,7.5564844592797495
-10.100840336134453,-0.57692307692307687,7.6013731117997816
-10.100840336134453,-0.26923076923076922,7.6373426815506713
-10.100840336134453,0.038461538461538464,7.6662569463424841
-10.100840336134453,0.34615384615384615,7.6895610649703192
-10.100840336134453,0.65384615384615385,7.7083836442524909
-10.100840336134453,0.96153846153846156,7.7236122703854431
-10.100840336134453,1.2692307692307692,7.7359494520452046
-10.100840336134453,1.5769230769230769,7.745954278068206
-10.100840336134453,1.8846153846153846,7.7540736870799467
-10.100840336134453,2.1923076923076925,7.7606661801227936
-10.100840336134453,2.5,7.7660200677453606
-9.9495798319327733,-9.5,0.0030097816577553814
-9.9495798319327733,-9.1923076923076916,0.0055413582506684215
-9.9495798319327733,-8.884615384615385,0.010170038294369382
-9.9495798319327733,-8.5769230769230766,0.018573478137290315
-9.9495798319327733,-8.2692307692307701,0.033670117403088826
-9.9495798319327733,-7.9615384615384617,0.060381461627410912
-9.9495798319327733,-7.6538461538461542,0.1066520472096234
-9.9495798319327733,-7.3461538461538458,0.18455556021557107
-9.9495798319327733,-7.0384615384615383,0.31098451186379744
-9.9495798319327733,-6.7307692307692308,0.50700637608171384
-9.9495798319327733,-6.4230769230769234,0.79479660541920094
-9.9495798319327733,-6.115384615384615,1.1916797301071997
-9.9495798319327733,-5.8076923076923075,1.7025267430373974
-9.9495798319327733,-5.5,2.3138259391461324
-9.9495798319327733,-5.1923076923076925,2.9932842510427213
-9.9495798319327733,-4.884615384615385,3.6964383387747315
-9.9495798319327733,-4.5769230769230766,4.3776636294046973
-9.9495798319327733,-4.2692307692307692,5.0004535579039091
-9.9495798319327733,-3.9615384615384617,5.5429074682672699
-9.9495798319327733,-3.6538461538461537,5.9976747506116492
-9.9495798319327733,-3.3461538461538463,6.3683025248627505
-9.9495798319327733,-3.0384615384615383,6.6645854574592285
-9.9495798319327733,-2.7307692307692308,6.8986751037240213
-9.9495798319327733,-2.4230769230769229,7.0825646891443554
-9.9495798319327733,-2.1153846153846154,7.2268204791289206
-9.9495798319327733,-1.8076923076923077,7.3401620086781953
-9.9495798319327733,-1.5,7.4295101304434796
-9.9495798319327733,-1.1923076923076923,7.5002373459570393
-9.9495798319327733,-0.88461538461538458,7.5564686033258708
-9.9495798319327733,-0.57692307692307687,7.6013604284926473
-9.9495798319327733,-0.26923076923076922,7.6373325015645683
-9.9495798319327733,0.038461538461538464,7.6662487536838366
-9.9495798319327733,0.34615384615384615,7.6895544623884762
-9.9495798319327733,0.65384615384615385,7.7083783347477617
-9.9495798319327733,0.96153846153846156,7.7236080647057239
-9.9495798319327733,1.2692307692307692,7.7359463309190275
-9.9495798319327733,1.5769230769230769,7.7459525695822702
-9.9495798319327733,1.8846153846153846,7.7540744462189526
-9.9495798319327733,2.1923076923076925,7.7606718138586004
-9.9495798319327733,2.5,7.76603504107152
-9.7983193277310932,-9.5,0.003008992188231677
-9.7983193277310932,-9.1923076923076916,0.0055399106755607041
-9.7983193277310932,-8.884615384615385,0.010167398727201796
-9.7983193277310932,-8.5769230769230766,0.01856870555959229
-9.7983193277310932,-8.2692307692307701,0.033661594965880892
-9.7983193277310932,-7.9615384615384617,0.060366510545874136
-9.7983193277310932,-7.6538461538461542,0.10662644916258456
-9.7983193277310932,-7.3461538461538458,0.18451312159098471
-9.7983193277310932,-7.0384615384615383,0.31091697564151671
-9.7983193277310932,-6.7307692307692308,0.50690414706231779
-9.7983193277310932,-6.4230769230769234,0.79465069943267153
-9.7983193277310932,-6.115384615384615,1.1914848513714908
-9.7983193277310932,-5.8076923076923075,1.7022844782608397
-9.7983193277310932,-5.5,2.3135463457948573
-9.7983193277310932,-5.1923076923076925,2.9929844853508731
-9.7983193277310932,-4.884615384615385,3.696138552922577
-9.7983193277310932,-4.5769230769230766,4.3773820274777453
-9.7983193277310932,-4.2692307692307692,5.0002028342643303
-9.7983193277310932,-3.9615384615384617,5.5426937143198023
-9.7983193277310932,-3.6538461538461537,5.9974984440103212
-9.7983193277310932,-3.3461538461538463,6.3681604784184067
-9.7983193277310932,-3.0384615384615383,6.664472732174751
-9.7983193277310932,-2.7307692307692308,6.8985863915440966
-9.7983193277310932,-2.4230769230769229,7.0824950991384501
-9.7983193277310932,-2.1153846153846154,7.2267658686555514
-9.7983193277310932,-1.8076923076923077,7.3401190391770577
-9.7983193277310932,-1.5,7.4294761887051086
-9.7983193277310932,-1.1923076923076923,7.5002104183438725
-9.7983193277310932,-0.88461538461538458,7.5564471482456907
-9.7983193277310932,-0.57692307692307687,7.6013432660279108
-9.7983193277310932,-0.26923076923076922,7.6373187250012453
-9.7983193277310932,0.038461538461538464,7.666237661012155
-9.7983193277310932,0.34615384615384615,7.6895455026071193
-9.7983193277310932,0.65384615384615385,7.7083710602464537
-9.7983193277310932,0.96153846153846156,7.7236020728931143
-9.7983193277310932,1.2692307692307692,7.735941158858795
-9.7983193277310932,1.5769230769230769,7.7459474720685852
-9.7983193277310932,1.8846153846153846,7.7540679594204267
-9.7983193277310932,2.1923076923076925,7.7606610553530357
-9.7983193277310932,2.5,7.7660149249384549
-9.6470588235294112,-9.5,0.0030079241952323528
-9.6470588235294112,-9.1923076923076916,0.0055379523962825975
-9.6470588235294112,-8.884615384615385,0.010163827915168075
-9.6470588235294112,-8.5769230769230766,0.018562249189695273
-9.6470588235294112,-8.2692307692307701,0.033650065721690582
-9.6470588235294112,-7.9615384615384617,0.060346284456542526
-9.6470588235294112,-7.6538461538461542,0.10659181942315114
-9.6470588235294112,-7.3461538461538458,0.18445570892837404
-9.6470588235294112,-7.0384615384615383,0.31082560889908634
-9.6470588235294112,-6.7307692307692308,0.50676584407704106
-9.6470588235294112,-6.4230769230769234,0.79445330388072521
-9.6470588235294112,-6.115384615384615,1.1912211961838475
-9.6470588235294112,-5.8076923076923075,1.7019567074992081
-9.6470588235294112,-5.5,2.3131680644286212
-9.6470588235294112,-5.1923076923076925,2.9925789040295605
-9.6470588235294112,-4.884615384615385,3.6957329375111501
-9.6470588235294112,-4.5769230769230766,4.3770010096157037
-9.6470588235294112,-4.2692307692307692,4.9998635917125505
-9.6470588235294112,-3.9615384615384617,5.5424044909609753
-9.6470588235294112,-3.6538461538461537,5.9972598877188599
-9.6470588235294112,-3.3461538461538463,6.367968277810597
-9.6470588235294112,-3.0384615384615383,6.6643202050840236
-9.6470588235294112,-2.7307692307692308,6.898466356099572
-9.6470588235294112,-2.4230769230769229,7.0824009376626504
-9.6470588235294112,-2.1153846153846154,7.2266919758526305
-9.6470588235294112,-1.8076923076923077,7.3400608976888986
-9.6470588235294112,-1.5,7.429430262620774
-9.6470588235294112,-1.1923076923076923,7.5001739830305718
-9.6470588235294112,-0.88461538461538458,7.5564181178422967
-9.6470588235294112,-0.57692307692307687,7.6013200442393316
-9.6470588235294112,-0.26923076923076922,7.6373000858928997
-9.6470588235294112,0.038461538461538464,7.6662226581440347
-9.6470588235294112,0.34615384615384615,7.6895334026169664
-9.6470588235294112,0.65384615384615385,7.7083612988566026
-9.6470588235294112,0.96153846153846156,7.7235942379158615
-9.6470588235294112,1.2692307692307692,7.7359350191599958
-9.6470588235294112,1.5769230769230769,7.7459430951252823
-9.6470588235294112,1.8846153846153846,7.7540659803351426
-9.6470588235294112,2.1923076923076925,7.7606631281443725
-9.6470588235294112,2.5,7.7660242348374133
-9.4957983193277311,-9.5,0.0030064795737585821
-9.4957983193277311,-9.1923076923076916,0.0055353035244482731
-9.4957983193277311,-8.884615384615385,0.01015899783519318
-9.4957983193277311,-8.5769230769230766,0.018553515912243339
-9.4957983193277311,-8.2692307692307701,0.033634470487575396
-9.4957983193277311,-7.9615384615384617,0.060318925087827394
-9.4957983193277311,-7.6538461538461542,0.10654497611662167
-9.4957983193277311,-7.3461538461538458,0.18437804641932751
-9.4957983193277311,-7.0384615384615383,0.31070201454833912
-9.4957983193277311,-6.7307692307692308,0.50657875426859345
-9.4957983193277311,-6.4230769230769234,0.79418627067848135
-9.4957983193277311,-6.115384615384615,1.1908645196563281
-9.4957983193277311,-5.8076923076923075,1.7015132833552211
-9.4957983193277311,-5.5,2.3126562940594542
-9.4957983193277311,-5.1923076923076925,2.9920301864952261
-9.4957983193277311,-4.884615384615385,3.6951841613814902
-9.4957983193277311,-4.5769230769230766,4.3764855023866085
-9.4957983193277311,-4.2692307692307692,4.9994045977739319
-9.4957983193277311,-3.9615384615384617,5.5420131677070126
-9.4957983193277311,-3.6538461538461537,5.9969371146191648
-9.4957983193277311,-3.3461538461538463,6.367708223509724
-9.4957983193277311,-3.0384615384615383,6.6641138296633669
-9.4957983193277311,-2.7307692307692308,6.8983039429055024
-9.4957983193277311,-2.4230769230769229,7.0822735330259601
-9.4957983193277311,-2.1153846153846154,7.2265919956850899
-9.4957983193277311,-1.8076923076923077,7.3399822298258846
-9.4957983193277311,-1.5,7.4293681227970483
-9.4957983193277311,-1.1923076923076923,7.5001246846633514
-9.4957983193277311,-0.88461538461538458,7.5563788386117539
-9.4957983193277311,-0.57692307692307687,7.6012886241406719
-9.4957983193277311,-0.26923076923076922,7.6372748656795606
-9.4957983193277311,0.038461538461538464,7.6662023554304826
-9.4957983193277311,0.34615384615384615,7.6895170187267299
-9.4957983193277311,0.65384615384615385,7.7083480486012181
-9.4957983193277311,0.96153846153846156,7.7235834940588246
-9.4957983193277311,1.2692307692307692,7.7359262616192144
-9.4957983193277311,1.5769230769230769,7.7459358509388352
-9.4957983193277311,1.8846153846153846,7.7540597367801141
-9.4957983193277311,2.1923076923076925,7.7606572098736279
-9.4957983193277311,2.5,7.7660176713395526
-9.344537815126051,-9.5,0.0030045257939527617
-9.344537815126051,-9.1923076923076916,0.0055317210476651885
-9.344537815126051,-8.884615384615385,0.010152465354508
-9.344537815126051,-8.5769230769230766,0.018541704464588582
-9.344537815126051,-8.2692307692307701,0.033613378342111172
-9.344537815126051,-7.9615384615384617,0.060281921902283896
-9.344537815126051,-7.6538461538461542,0.10648162033917281
-9.344537815126051,-7.3461538461538458,0.18427300576476641
-9.344537815126051,-7.0384615384615383,0.31053484631279255
-9.344537815126051,-6.7307692307692308,0.5063256985097021
-9.344537815126051,-6.4230769230769234,0.79382507380768363
-9.344537815126051,-6.115384615384615,1.1903820531225164
-9.344537815126051,-5.8076923076923075,1.7009134553007679
-9.344537815126051,-5.5,2.311963988936574
-9.344537815126051,-5.1923076923076925,2.991287875775714
-9.344537815126051,-4.884615384615385,3.6944417485565308
-9.344537815126051,-4.5769230769230766,4.375788078638803
-9.344537815126051,-4.2692307692307692,4.998783616259824
-9.344537815126051,-3.9615384615384617,5.5414837297921347
-9.344537815126051,-3.6538461538461537,5.9965004154599404
-9.344537815126051,-3.3461538461538463,6.3673563772911281
-9.344537815126051,-3.0384615384615383,6.6638346079931976
-9.344537815126051,-2.7307692307692308,6.8980842006570136
-9.344537815126051,-2.4230769230769229,7.0821011566576342
-9.344537815126051,-2.1153846153846154,7.2264567242777549
-9.344537815126051,-1.8076923076923077,7.3398757937601093
-9.344537815126051,-1.5,7.4292840490067125
-9.344537815126051,-1.1923076923076923,7.5000579852098568
-9.344537815126051,-0.88461538461538458,7.5563256948964241
-9.344537815126051,-0.57692307692307687,7.6012461136673659
-9.344537815126051,-0.26923076923076922,7.6372407434468688
-9.344537815126051,0.038461538461538464,7.6661748862021533
-9.344537815126051,0.34615384615384615,7.6894948506725065
-9.344537815126051,0.65384615384615385,7.7083301172010561
-9.344537815126051,0.96153846153846156,7.7235689437375701
-9.344537815126051,1.2692307692307692,7.735914368061799
-9.344537815126051,1.5769230769230769,7.74592591795001
-9.344537815126051,1.8846153846153846,7.7540509338702739
-9.344537815126051,2.1923076923076925,7.7606483328903266
-9.344537815126051,2.5,7.7660068808120553
-9.1932773109243691,-9.5,0.0030018839302212823
-9.1932773109243691,-9.1923076923076916,0.005526876877576279
-9.1932773109243691,-8.884615384615385,0.010143632196641571
-9.1932773109243691,-8.5769230769230766,0.01852573303561629
-9.1932773109243691,-8.2692307692307701,0.033584857296365712
-9.1932773109243691,-7.9615384615384617,0.060231885110025425
-9.1932773109243691,-7.6538461538461542,0.10639594729376381
-9.1932773109243691,-7.3461538461538458,0.18413096097541168
-9.1932773109243691,-7.0384615384615383,0.31030878095820902
-9.1932773109243691,-6.7307692307692308,0.50598347384642217
-9.1932773109243691,-6.4230769230769234,0.79333658328927559
-9.1932773109243691,-6.115384615384615,1.1897295265073728
-9.1932773109243691,-5.8076923076923075,1.70010216216065
-9.1932773109243691,-5.5,2.3110275729189462
-9.1932773109243691,-5.1923076923076925,2.9902837765695871
-9.1932773109243691,-4.884615384615385,3.6934374694306285
-9.1932773109243691,-4.5769230769230766,4.3748446228369611
-9.1932773109243691,-4.2692307692307692,4.9979435439022728
-9.1932773109243691,-3.9615384615384617,5.5407674817787411
-9.1932773109243691,-3.6538461538461537,5.9959096183273424
-9.1932773109243691,-3.3461538461538463,6.3668803694721463
-9.1932773109243691,-3.0384615384615383,6.6634568501984894
-9.1932773109243691,-2.7307692307692308,6.8977869112894039
-9.1932773109243691,-2.4230769230769229,7.0818679484342599
-9.1932773109243691,-2.1153846153846154,7.2262737156029289
-9.1932773109243691,-1.8076923076923077,7.3397317967245392
-9.1932773109243691,-1.5,7.4291703061285723
-9.1932773109243691,-1.1923076923076923,7.4999677482166458
-9.1932773109243691,-0.88461538461538458,7.5562537975500188
-9.1932773109243691,-0.57692307692307687,7.6011886021865607
-9.1932773109243691,-0.26923076923076922,7.6371945810019799
-9.1932773109243691,0.038461538461538464,7.6661377268912627
-9.1932773109243691,0.34615384615384615,7.6894648716821852
-9.1932773109243691,0.65384615384615385,7.7083058989673336
-9.1932773109243691,0.96153846153846156,7.723549394825886
-9.1932773109243691,1.2692307692307692,7.7358987054938462
-9.1932773109243691,1.5769230769230769,7.7459137358535584
-9.1932773109243691,1.8846153846153846,7.754042411888677
-9.1932773109243691,2.1923076923076925,7.7606446089921413
-9.1932773109243691,2.5,7.766010481490456
-9.0420168067226889,-9.5,0.0029983126180512412
-9.0420168067226889,-9.1923076923076916,0.0055203284291342417
-9.0420168067226889,-8.884615384615385,0.01013169128357643
-9.0420168067226889,-8.5769230769230766,0.018504142217925418
-9.0420168067226889,-8.2692307692307701,0.033546300918125875
-9.0420168067226889,-7.9615384615384617,0.060164241324074899
-9.0420168067226889,-7.6538461538461542,0.1062801247811348
-9.0420168067226889,-7.3461538461538458,0.18393892283469562
-9.0420168067226889,-7.0384615384615383,0.31000313903164639
-9.0420168067226889,-6.7307692307692308,0.50552076234871157
-9.0420168067226889,-6.4230769230769234,0.79267607504959536
-9.0420168067226889,-6.115384615384615,1.1888471663721469
-9.0420168067226889,-5.8076923076923075,1.6990050462596804
-9.0420168067226889,-5.5,2.3097611727610095
-9.0420168067226889,-5.1923076923076925,2.9889257593570555
-9.0420168067226889,-4.884615384615385,3.6920791323629785
-9.0420168067226889,-4.5769230769230766,4.373568489259414
-9.0420168067226889,-4.2692307692307692,4.996807201724911
-9.0420168067226889,-3.9615384615384617,5.5397986019959484
-9.0420168067226889,-3.6538461538461537,5.9951104188877791
-9.0420168067226889,-3.3461538461538463,6.3662364406228829
-9.0420168067226889,-3.0384615384615383,6.6629458260219891
-9.0420168067226889,-2.7307692307692308,6.8973847415227665
-9.0420168067226889,-2.4230769230769229,7.0815524666152756
-9.0420168067226889,-2.1153846153846154,7.2260261436054103
-9.0420168067226889,-1.8076923076923077,7.3395369997815401
-9.0420168067226889,-1.5,7.4290164370857186
-9.0420168067226889,-1.1923076923076923,7.499845677893946
-9.0420168067226889,-0.88461538461538458,7.556156536920505
-9.0420168067226889,-0.57692307692307687,7.6011108023411209
-9.0420168067226889,-0.26923076923076922,7.6371321330504527
-9.0420168067226889,0.038461538461538464,7.6660874549687437
-9.0420168067226889,0.34615384615384615,7.6894243016786872
-9.0420168067226889,0.65384615384615385,7.7082730826731591
-9.0420168067226889,0.96153846153846156,7.7235227665756669
-9.0420168067226889,1.2692307692307692,7.7358769401981027
-9.0420168067226889,1.5769230769230769,7.7458955608399833
-9.0420168067226889,1.8846153846153846,7.7540263107842486
-9.0420168067226889,2.1923076923076925,7.7606283855768128
-9.0420168067226889,2.5,7.7659907829205359
-8.8907563025210088,-9.5,0.0029934866287356292
-8.8907563025210088,-9.1923076923076916,0.0055114793280143706
-8.8907563025210088,-8.884615384615385,0.010115555068042403
-8.8907563025210088,-8.5769230769230766,0.018474965371840086
-8.8907563025210088,-8.2692307692307701,0.033494196699127267
-8.8907563025210088,-7.9615384615384617,0.060072826857066962
-8.8907563025210088,-7.6538461538461542,0.10612359607724371
-8.8907563025210088,-7.3461538461538458,0.18367938143246232
-8.8907563025210088,-7.0384615384615383,0.30959003947432329
-8.8907563025210088,-6.7307692307692308,0.50489533156604027
-8.8907563025210088,-6.4230769230769234,0.79178322508652887
-8.8907563025210088,-6.115384615384615,1.1876543304786573
-8.8907563025210088,-5.8076923076923075,1.6975217635017021
-8.8907563025210088,-5.5,2.3080488741722647
-8.8907563025210088,-5.1923076923076925,2.9870894336293397
-8.8907563025210088,-4.884615384615385,3.6902422340897432
-8.8907563025210088,-4.5769230769230766,4.3718426405141191
-8.8907563025210088,-4.2692307692307692,4.9952703219843126
-8.8907563025210088,-3.9615384615384617,5.5384881544508904
-8.8907563025210088,-3.6538461538461537,5.9940294358070725
-8.8907563025210088,-3.3461538461538463,6.3653654547951568
-8.8907563025210088,-3.0384615384615383,6.6622545995536564
-8.8907563025210088,-2.7307692307692308,6.8968407513186039
-8.8907563025210088,-2.4230769230769229,7.0811257332652584
-8.8907563025210088,-2.1153846153846154,7.22569126845878
-8.8907563025210088,-1.8076923076923077,7.3392735111807745
-8.8907563025210088,-1.5,7.4288083098858113
-8.8907563025210088,-1.1923076923076923,7.49968056329734
-8.8907563025210088,-0.88461538461538458,7.5560249810537217
-8.8907563025210088,-0.57692307692307687,7.6010055700014405
-8.8907563025210088,-0.26923076923076922,7.6370476667918812
-8.8907563025210088,0.038461538461538464,7.6660194608319108
-8.8907563025210088,0.34615384615384615,7.6893694397818431
-8.8907563025210088,0.65384615384615385,7.70822874055031
-8.8907563025210088,0.96153846153846156,7.7234868993435439
-8.8907563025210088,1.2692307692307692,7.7358479727856935
-8.8907563025210088,1.5769230769230769,7.7458723630497293
-8.8907563025210088,1.8846153846153846,7.7540082690849843
-8.8907563025210088,2.1923076923076925,7.7606155815038189
-8.8907563025210088,2.5,7.7659842133219721
-8.7394957983193269,-9.5,0.0029869683949459592
-8.7394957983193269,-9.1923076923076916,0.0054995271867766338
-8.7394957983193269,-8.884615384615385,0.010093760269838523
-8.7394957983193269,-8.5769230769230766,0.018435556280724914
-8.7394957983193269,-8.2692307692307701,0.033423818040265188
-8.7394957983193269,-7.9615384615384617,0.0599493467326941
-8.7394957983193269,-7.6538461538461542,0.10591215223559521
-8.7394957983193269,-7.3461538461538458,0.18332876500472572
-8.7394957983193269,-7.0384615384615383,0.30903194079308272
-8.7394957983193269,-6.7307692307692308,0.50405030126736228
-8.7394957983193269,-6.4230769230769234,0.79057676250963693
-8.7394957983193269,-6.115384615384615,1.1860423385436303
-8.7394957983193269,-5.8076923076923075,1.6955170344954347
-8.7394957983193269,-5.5,2.3057343514955781
-8.7394957983193269,-5.1923076923076925,2.9846069851274106
-8.7394957983193269,-4.884615384615385,3.6877587553727045
-8.7394957983193269,-4.5769230769230766,4.3695090891197559
-8.7394957983193269,-4.2692307692307692,4.9931921225307745
-8.7394957983193269,-3.9615384615384617,5.536716036273317
-8.7394957983193269,-3.6538461538461537,5.9925675587406424
-8.7394957983193269,-3.3461538461538463,6.3641875345784547
-8.7394957983193269,-3.0384615384615383,6.6613197690560417
-8.7394957983193269,-2.7307692307692308,6.89610504021271
-8.7394957983193269,-2.4230769230769229,7.0805486033102794
-8.7394957983193269,-2.1153846153846154,7.22523837213501
-8.7394957983193269,-1.8076923076923077,7.3389171622930007
-8.7394957983193269,-1.5,7.428526835047947
-8.7394957983193269,-1.1923076923076923,7.4994572609649142
-8.7394957983193269,-0.88461538461538458,7.5558470649470593
-8.7394957983193269,-0.57692307692307687,7.6008632545561117
-8.7394957983193269,-0.26923076923076922,7.6369334354795777
-8.7394957983193269,0.038461538461538464,7.665927505420254
-8.7394957983193269,0.34615384615384615,7.6892952403634824
-8.7394957983193269,0.65384615384615385,7.7081687541187822
-8.7394957983193269,0.96153846153846156,7.7234383288887747
-8.7394957983193269,1.2692307692307692,7.7358085943378301
-8.7394957983193269,1.5769230769230769,7.7458403927996287
-8.7394957983193269,1.8846153846153846,7.7539822564564673
-8.7394957983193269,2.1923076923076925,7.7605943186343822
-8.7394957983193269,2.5,7.765966659228476
-8.5882352941176467,-9.5,0.0029781704219421301
-8.5882352941176467,-9.1923076923076916,0.0054833946581831295
-8.5882352941176467,-8.884615384615385,0.010064342088866441
-8.5882352941176467,-8.5769230769230766,0.018382361535574824
-8.5882352941176467,-8.2692307692307701,0.033328817327230177
-8.5882352941176467,-7.9615384615384617,0.059782659656766164
-8.5882352941176467,-7.6538461538461542,0.10562670520653816
-8.5882352941176467,-7.3461538461538458,0.18285540016673801
-8.5882352941176467,-7.0384615384615383,0.30827838359508747
-8.5882352941176467,-6.7307692307692308,0.50290919190810757
-8.5882352941176467,-6.4230769230769234,0.78894736835385681
-8.5882352941176467,-6.115384615384615,1.1838649371176844
-8.5882352941176467,-5.8076923076923075,1.6928087243826373
-8.5882352941176467,-5.5,2.302607032943242
-8.5882352941176467,-5.1923076923076925,2.9812522619647139
-8.5882352941176467,-4.884615384615385,3.6844021713486383
-8.5882352941176467,-4.5769230769230766,4.3663547553821598
-8.5882352941176467,-4.2692307692307692,4.9903826696427585
-8.5882352941176467,-3.9615384615384617,5.5343201732357494
-8.5882352941176467,-3.6538461538461537,5.9905910180282271
-8.5882352941176467,-3.3461538461538463,6.3625948559437626
-8.5882352941176467,-3.0384615384615383,6.6600557442142243
-8.5882352941176467,-2.7307692307692308,6.8951102417916834
-8.5882352941176467,-2.4230769230769229,7.0797682298774767
-8.5882352941176467,-2.1153846153846154,7.2246259849437129
-8.5882352941176467,-1.8076923076923077,7.3384353259018296
-8.5882352941176467,-1.5,7.4281462428120255
-8.5882352941176467,-1.1923076923076923,7.4991553286388051
-8.5882352941176467,-0.88461538461538458,7.5556065024898569
-8.5882352941176467,-0.57692307692307687,7.6006708296310412
-8.5882352941176467,-0.26923076923076922,7.6367789840404559
-8.5882352941176467,0.038461538461538464,7.6658031732592846
-8.5882352941176467,0.34615384615384615,7.689194914544732
-8.5882352941176467,0.65384615384615385,7.7080876397779123
-8.5882352941176467,0.96153846153846156,7.723372630717658
-8.5882352941176467,1.2692307692307692,7.7357552654040838
-8.5882352941176467,1.5769230769230769,7.745796912739813
-8.5882352941176467,1.8846153846153846,7.7539464002643568
-8.5882352941176467,2.1923076923076925,7.7605638932866574
-8.5882352941176467,2.5,7.7659392425121876
-8.4369747899159666,-9.5,0.002966306133344697
-8.4369747899159666,-9.1923076923076916,0.0054616392627029843
-8.4369747899159666,-8.884615384615385,0.010024669659544813
-8.4369747899159666,-8.5769230769230766,0.018310622692345044
-8.4369747899159666,-8.2692307692307701,0.033200693216597826
-8.4369747899159666,-7.9615384615384617,0.059557841368935792
-8.4369747899159666,-7.6538461538461542,0.10524167933452486
-8.4369747899159666,-7.3461538461538458,0.18221683475616288
-8.4369747899159666,-7.0384615384615383,0.30726170943046366
-8.4369747899159666,-6.7307692307692308,0.50136940651919748
-8.4369747899159666,-6.4230769230769234,0.78674831045110527
-8.4369747899159666,-6.115384615384615,1.1809256991296375
-8.4369747899159666,-5.8076923076923075,1.689152057175624
-8.4369747899159666,-5.5,2.2983837404809555
-8.4369747899159666,-5.1923076923076925,2.9767209420496403
-8.4369747899159666,-4.884615384615385,3.6798674810285497
-8.4369747899159666,-4.5769230769230766,4.3620925954783427
-8.4369747899159666,-4.2692307692307692,4.9865859917884325
-8.4369747899159666,-3.9615384615384617,5.5310820672831742
-8.4369747899159666,-3.6538461538461537,5.9879194300047125
-8.4369747899159666,-3.3461538461538463,6.3604419979313356
-8.4369747899159666,-3.0384615384615383,6.6583470788993822
-8.4369747899159666,-2.7307692307692308,6.8937654863595741
-8.4369747899159666,-2.4230769230769229,7.0787133277465584
-8.4369747899159666,-2.1153846153846154,7.2237981691816211
-8.4369747899159666,-1.8076923076923077,7.3377839930526241
-8.4369747899159666,-1.5,7.4276317751170042
-8.4369747899159666,-1.1923076923076923,7.4987471950074003
-8.4369747899159666,-0.88461538461538458,7.5552813287556759
-8.4369747899159666,-0.57692307692307687,7.6004107273491979
-8.4369747899159666,-0.26923076923076922,7.6365702131581097
-8.4369747899159666,0.038461538461538464,7.6656351173524779
-8.4369747899159666,0.34615384615384615,7.6890593142315984
-8.4369747899159666,0.65384615384615385,7.7079780274392364
-8.4369747899159666,0.96153846153846156,7.7232839208094166
-8.4369747899159666,1.2692307692307692,7.7356834727771417
-8.4369747899159666,1.5769230769230769,7.7457389938455039
-8.4369747899159666,1.8846153846153846,7.7539002307629081
-8.4369747899159666,2.1923076923076925,7.7605283840840436
-8.4369747899159666,2.5,7.765914518200284
-8.2857142857142865,-9.5,0.0029503264501831417
-8.2857142857142865,-9.1923076923076916,0.0054323370216127435
-8.2857142857142865,-8.884615384615385,0.0099712336429530497
-8.2857142857142865,-8.5769230769230766,0.018213991623120381
-8.2857142857142865,-8.2692307692307701,0.033028102219410563
-8.2857142857142865,-7.9615384615384617,0.059254973140651229
-8.2857142857142865,-7.6538461538461542,0.10472292833628133
-8.2857142857142865,-7.3461538461538458,0.18135636549092157
-8.2857142857142865,-7.0384615384615383,0.30589149729313858
-8.2857142857142865,-6.7307692307692308,0.49929374077070149
-8.2857142857142865,-6.4230769230769234,0.78378321330494871
-8.2857142857142865,-6.115384615384615,1.1769615216866474
-8.2857142857142865,-5.8076923076923075,1.6842188803443998
-8.2857142857142865,-5.5,2.2926845007687993
-8.2857142857142865,-5.1923076923076925,2.9706043296689226
-8.2857142857142865,-4.884615384615385,3.6737447532061953
-8.2857142857142865,-4.5769230769230766,4.3563365463577028
-8.2857142857142865,-4.2692307692307692,4.9814576191973794
-8.2857142857142865,-3.9615384615384617,5.5267075454378807
-8.2857142857142865,-3.6538461538461537,5.9843098561319579
-8.2857142857142865,-3.3461538461538463,6.3575330653001343
-8.2857142857142865,-3.0384615384615383,6.6560382356090289
-8.2857142857142865,-2.7307692307692308,6.8919483395701429
-8.2857142857142865,-2.4230769230769229,7.077287848561463
-8.2857142857142865,-2.1153846153846154,7.2226795569368045
-8.2857142857142865,-1.8076923076923077,7.3369038704543126
-8.2857142857142865,-1.5,7.4269366047163894
-8.2857142857142865,-1.1923076923076923,7.498195716945097
-8.2857142857142865,-0.88461538461538458,7.5548419546840249
-8.2857142857142865,-0.57692307692307687,7.6000592825441178
-8.2857142857142865,-0.26923076923076922,7.6362881291544076
-8.2857142857142865,0.038461538461538464,7.6654080462628116
-8.2857142857142865,0.34615384615384615,7.6888760901416582
-8.2857142857142865,0.65384615384615385,7.7078298941709118
-8.2857142857142865,0.96153846153846156,7.723163953262822
-8.2857142857142865,1.2692307692307692,7.7355861273018487
-8.2857142857142865,1.5769230769230769,7.745659725722823
-8.2857142857142865,1.8846153846153846,7.7538351185892775
-8.2857142857142865,2.1923076923076925,7.7604737247740347
-8.2857142857142865,2.5,7.7658664355558527
-8.1344537815126046,-9.5,0.0029288395415719695
-8.1344537815126046,-9.1923076923076916,0.0053929351711724431
-8.1344537815126046,-8.884615384615385,0.0098993772643119933
-8.1344537815126046,-8.5769230769230766,0.018084043133992103
-8.1344537815126046,-8.2692307692307701,0.032795985594618791
-8.1344537815126046,-7.9615384615384617,0.058847603220282561
-8.1344537815126046,-7.6538461538461542,0.10402508527208004
-8.1344537815126046,-7.3461538461538458,0.18019861037614104
-8.1344537815126046,-7.0384615384615383,0.30404744962686464
-8.1344537815126046,-6.7307692307692308,0.49649949081117967
-8.1344537815126046,-6.4230769230769234,0.77979030818042161
-8.1344537815126046,-6.115384615384615,1.1716212874019183
-8.1344537815126046,-5.8076923076923075,1.6775707378966074
-8.1344537815126046,-5.5,2.2850010001755963
-8.1344537815126046,-5.1923076923076925,2.9623550459988035
-8.1344537815126046,-4.884615384615385,3.665484362367478
-8.1344537815126046,-4.5769230769230766,4.3485684963431801
-8.1344537815126046,-4.2692307692307692,4.9745348982845243
-8.1344537815126046,-3.9615384615384617,5.5208012646876545
-8.1344537815126046,-3.6538461538461537,5.9794356606753354
-8.1344537815126046,-3.3461538461538463,6.353604592333836
-8.1344537815126046,-3.0384615384615383,6.6529199884094128
-8.1344537815126046,-2.7307692307692308,6.8894940904781032
-8.1344537815126046,-2.4230769230769229,7.0753625758913508
-8.1344537815126046,-2.1153846153846154,7.221168756437593
-8.1344537815126046,-1.8076923076923077,7.3357151956950855
-8.1344537815126046,-1.5,7.4259977429818891
-8.1344537815126046,-1.1923076923076923,7.4974509357278816
-8.1344537815126046,-0.88461538461538458,7.5542485847892324
-8.1344537815126046,-0.57692307692307687,7.5995846694095057
-8.1344537815126046,-0.26923076923076922,7.6359071918783359
-8.1344537815126046,0.038461538461538464,7.6651014062623783
-8.1344537815126046,0.34615384615384615,7.688628669860992
-8.1344537815126046,0.65384615384615385,7.7076298798023606
-8.1344537815126046,0.96153846153846156,7.7230020313000267
-8.1344537815126046,1.2692307692307692,7.735454927771138
-8.1344537815126046,1.5769230769230769,7.7455534288648984
-8.1344537815126046,1.8846153846153846,7.7537492013409244
-8.1344537815126046,2.1923076923076925,7.7604048267035735
-8.1344537815126046,2.5,7.7658122951466062
-7.9831932773109244,-9.5,0.0029000122021563021
-7.9831932773109244,-9.1923076923076916,0.0053400710771537739
-7.9831932773109244,-8.884615384615385,0.0098029654072720896
-7.9831932773109244,-8.5769230769230766,0.017909674737912964
-7.9831932773109244,-8.2692307692307701,0.032484492537687738
-7.9831932773109244,-7.9615384615384617,0.058300845505974225
-7.9831932773109244,-7.6538461538461542,0.10308827887687354
-7.9831932773109244,-7.3461538461538458,0.17864400354337814
-7.9831932773109244,-7.0384615384615383,0.30157050951330261
-7.9831932773109244,-6.7307692307692308,0.49274478513864234
-7.9831932773109244,-6.4230769230769234,0.77442255829032514
-7.9831932773109244,-6.115384615384615,1.1644387742776807
-7.9831932773109244,-5.8076923076923075,1.668624472652378
-7.9831932773109244,-5.5,2.2746560400046794
-7.9831932773109244,-5.1923076923076925,2.9512426757195613
-7.9831932773109244,-4.884615384615385,3.6543518134383453
-7.9831932773109244,-4.5769230769230766,4.3380951721008438
-7.9831932773109244,-4.2692307692307692,4.9651981016436224
-7.9831932773109244,-3.9615384615384617,5.512833217120976
-7.9831932773109244,-3.6538461538461537,5.9728586770348189
-7.9831932773109244,-3.3461538461538463,6.3483030044741717
-7.9831932773109244,-3.0384615384615383,6.648711482513483
-7.9831932773109244,-2.7307692307692308,6.8861816120477997
-7.9831932773109244,-2.4230769230769229,7.0727640298750369
-7.9831932773109244,-2.1153846153846154,7.2191296487750076
-7.9831932773109244,-1.8076923076923077,7.3341108952343621
-7.9831932773109244,-1.5,7.4247306412993348
-7.9831932773109244,-1.1923076923076923,7.4964457989200266
-7.9831932773109244,-0.88461538461538458,7.5534478120104733
-7.9831932773109244,-0.57692307692307687,7.5989441795467965
-7.9831932773109244,-0.26923076923076922,7.6353931287917023
-7.9831932773109244,0.038461538461538464,7.6646876122014449
-7.9831932773109244,0.34615384615384615,7.6882947928356833
-7.9831932773109244,0.65384615384615385,7.7073599710295841
-7.9831932773109244,0.96153846153846156,7.722783508405314
-7.9831932773109244,1.2692307692307692,7.7352778065803571
-7.9831932773109244,1.5769230769230769,7.7454097522790626
-7.9831932773109244,1.8846153846153846,7.7536326145859285
-7.9831932773109244,2.1923076923076925,7.7603102621670983
-7.9831932773109244,2.5,7.7657357353006677
-7.8319327731092434,-9.5,0.002861454088014023
-7.8319327731092434,-9.1923076923076916,0.0052693595255482598
-7.8319327731092434,-8.884615384615385,0.0096739954991070885
-7.8319327731092434,-8.5769230769230766,0.017676399699226662
-7.8319327731092434,-8.2692307692307701,0.032067708935581037
-7.8319327731092434,-7.9615384615384617,0.05756912763432584
-7.8319327731092434,-7.6538461538461542,0.10183422764748157
-7.8319327731092434,-7.3461538461538458,0.17656221088832708
-7.8319327731092434,-7.0384615384615383,0.29825216532910115
-7.8319327731092434,-6.7307692307692308,0.48771199897098999
-7.8319327731092434,-6.4230769230769234,0.76722333182321811
-7.8319327731092434,-6.115384615384615,1.1547991899276782
-7.8319327731092434,-5.8076923076923075,1.656609332197186
-7.8319327731092434,-5.5,2.2607525127752957
-7.8319327731092434,-5.1923076923076925,2.9362974731545575
-7.8319327731092434,-4.884615384615385,3.6393699684997802
-7.8319327731092434,-4.5769230769230766,4.3239926458736049
-7.8319327731092434,-4.2692307692307692,4.9526201081839396
-7.8319327731092434,-3.9615384615384617,5.502095215535741
-7.8319327731092434,-3.6538461538461537,5.9639929417661568
-7.8319327731092434,-3.3461538461538463,6.3411551937536084
-7.8319327731092434,-3.0384615384615383,6.6430367845502936
-7.8319327731092434,-2.7307692307692308,6.8817148688097944
-7.8319327731092434,-2.4230769230769229,7.0692599541274417
-7.8319327731092434,-2.1153846153846154,7.2163800055182135
-7.8319327731092434,-1.8076923076923077,7.3319476392283933
-7.8319327731092434,-1.5,7.4230221359679245
-7.8319327731092434,-1.1923076923076923,7.4950905721201035
-7.8319327731092434,-0.88461538461538458,7.5523681719903761
-7.8319327731092434,-0.57692307692307687,7.5980806709681064
-7.8319327731092434,-0.26923076923076922,7.6347000895616768
-7.8319327731092434,0.038461538461538464,7.6641297650682283
-7.8319327731092434,0.34615384615384615,7.6878446913232059
-7.8319327731092434,0.65384615384615385,7.7069961050403144
-7.8319327731092434,0.96153846153846156,7.7224888991824931
-7.8319327731092434,1.2692307692307692,7.7350389531893047
-7.8319327731092434,1.5769230769230769,7.7452158194936755
-7.8319327731092434,1.8846153846153846,7.7534747742716705
-7.8319327731092434,2.1923076923076925,7.7601811288124205
-7.8319327731092434,2.5,7.7656288893537564
-7.6806722689075633,-9.5,0.0028100920901279465
-7.6806722689075633,-9.1923076923076916,0.0051751615981836425
-7.6806722689075633,-8.884615384615385,0.0095021738809200444
-7.6806722689075633,-8.5769230769230766,0.017365575125186161
-7.6806722689075633,-8.2692307692307701,0.031512263509531055
-7.6806722689075633,-7.9615384615384617,0.056593707612520749
-7.6806722689075633,-7.6538461538461542,0.1001618996441526
-7.6806722689075633,-7.3461538461538458,0.17378474333327057
-7.6806722689075633,-7.0384615384615383,0.29382231349251231
-7.6806722689075633,-6.7307692307692308,0.48098868344621842
-7.6806722689075633,-6.4230769230769234,0.75759802505084994
-7.6806722689075633,-6.115384615384615,1.1418995449424376
-7.6806722689075633,-5.8076923076923075,1.6405154134006505
-7.6806722689075633,-5.5,2.2421111943704917
-7.6806722689075633,-5.1923076923076925,2.9162408282369894
-7.6806722689075633,-4.884615384615385,3.6192468655408345
-7.6806722689075633,-4.5769230769230766,4.3050363356822583
-7.6806722689075633,-4.2692307692307692,4.9357024382833812
-7.6806722689075633,-3.9615384615384617,5.4876452530509674
-7.6806722689075633,-3.6538461538461537,5.952058124886773
-7.6806722689075633,-3.3461538461538463,6.3315306261635209
-7.6806722689075633,-3.0384615384615383,6.6353946322271744
-7.6806722689075633,-2.7307692307692308,6.8756990414115284
-7.6806722689075633,-2.4230769230769229,7.0645405739656351
-7.6806722689075633,-2.1153846153846154,7.2126767930304911
-7.6806722689075633,-1.8076923076923077,7.3290342979559924
-7.6806722689075633,-1.5,7.4207213491505088
-7.6806722689075633,-1.1923076923076923,7.4932656362146037
-7.6806722689075633,-0.88461538461538458,7.5509144162499
-7.6806722689075633,-0.57692307692307687,7.5969179957604291
-7.6806722689075633,-0.26923076923076922,7.6337669819429212
-7.6806722689075633,0.038461538461538464,7.6633787065097492
-7.6806722689075633,0.34615384615384615,7.6872387168979541
-7.6806722689075633,0.65384615384615385,7.7065062546226857
-7.6806722689075633,0.96153846153846156,7.7220923374965951
-7.6806722689075633,1.2692307692307692,7.7347175880585528
-7.6806722689075633,1.5769230769230769,7.7449553002525313
-7.6806722689075633,1.8846153846153846,7.7532637951797128
-7.6806722689075633,2.1923076923076925,7.7600109790382019
-7.6806722689075633,2.5,7.7654931603836399
-7.5294117647058822,-9.5,0.002742053857377978
-7.5294117647058822,-9.1923076923076916,0.0050503697710031735
-7.5294117647058822,-8.884615384615385,0.0092745201917070631
-7.5294117647058822,-8.5769230769230766,0.016953676439334424
-7.5294117647058822,-8.2692307692307701,0.030776005655515085
-7.5294117647058822,-7.9615384615384617,0.055300288702745046
-7.5294117647058822,-7.6538461538461542,0.097943276381532524
-7.5294117647058822,-7.3461538461538458,0.17009760322470818
-7.5294117647058822,-7.0384615384615383,0.2879368936451952
-7.5294117647058822,-6.7307692307692308,0.47204763438146558
-7.5294117647058822,-6.4230769230769234,0.74478359578667797
-7.5294117647058822,-6.115384615384615,1.1247049414836698
-7.5294117647058822,-5.8076923076923075,1.6190352944291639
-7.5294117647058822,-5.5,2.2171986076467061
-7.5294117647058822,-5.1923076923076925,2.8894029040128553
-7.5294117647058822,-4.884615384615385,3.5922886580092945
-7.5294117647058822,-4.5769230769230766,4.2796153118251956
-7.5294117647058822,-4.2692307692307692,4.912996024953209
-7.5294117647058822,-3.9615384615384617,5.4682379726923882
-7.5294117647058822,-3.6538461538461537,5.9360209645217505
-7.5294117647058822,-3.3461538461538463,6.318593486089366
-7.5294117647058822,-3.0384615384615383,6.6251201328036551
-7.5294117647058822,-2.7307692307692308,6.8676102585338468
-7.5294117647058822,-2.4230769230769229,7.0581948287809881
-7.5294117647058822,-2.1153846153846154,7.2076975415542943
-7.5294117647058822,-1.8076923076923077,7.3251173170167432
-7.5294117647058822,-1.5,7.4176281710524137
-7.5294117647058822,-1.1923076923076923,7.4908123782652396
-7.5294117647058822,-0.88461538461538458,7.5489602758862366
-7.5294117647058822,-0.57692307692307687,7.5953552267517344
-7.5294117647058822,-0.26923076923076922,7.6325128469217969
-7.5294117647058822,0.038461538461538464,7.6623692978318125
-7.5294117647058822,0.34615384615384615,7.6864243243893968
-7.5294117647058822,0.65384615384615385,7.7058479301387646
-7.5294117647058822,0.96153846153846156,7.7215593499395165
-7.5294117647058822,1.2692307692307692,7.734285523282785
-7.5294117647058822,1.5769230769230769,7.7446046145995213
-7.5294117647058822,1.8846153846153846,7.7529786752849139
-7.5294117647058822,2.1923076923076925,7.7597784062305912
-7.5294117647058822,2.5,7.7653021453788185
-7.3781512605042021,-9.5,0.0026526003770074675
-7.3781512605042021,-9.1923076923076916,0.0048862820734763114
-7.3781512605042021,-8.884615384615385,0.0089751316249853021
-7.3781512605042021,-8.5769230769230766,0.016411854024180023
-7.3781512605042021,-8.2692307692307701,0.02980716914079801
-7.3781512605042021,-7.9615384615384617,0.05359744193540867
-7.3781512605042021,-7.6538461538461542,0.095020394898634591
-7.3781512605042021,-7.3461538461538458,0.16523582139519888
-7.3781512605042021,-7.0384615384615383,0.2801680710342983
-7.3781512605042021,-6.7307692307692308,0.46022996195750365
-7.3781512605042021,-6.4230769230769234,0.72782094320866142
-7.3781512605042021,-6.115384615384615,1.1019064909586123
-7.3781512605042021,-5.8076923076923075,1.5905047574465527
-7.3781512605042021,-5.5,2.1840503143329633
-7.3781512605042021,-5.1923076923076925,2.8536316230057568
-7.3781512605042021,-4.884615384615385,3.5563003581029196
-7.3781512605042021,-4.5769230769230766,4.2456321588859796
-7.3781512605042021,-4.2692307692307692,4.8826068645593761
-7.3781512605042021,-3.9615384615384617,5.4422407036506355
-7.3781512605042021,-3.6538461538461537,5.9145238440274452
-7.3781512605042021,-3.3461538461538463,6.3012439319490463
-7.3781512605042021,-3.0384615384615383,6.6113375617396617
-7.3781512605042021,-2.7307692307692308,6.8567582227477866
-7.3781512605042021,-2.4230769230769229,7.0496810088478643
-7.3781512605042021,-2.1153846153846154,7.201017337789664
-7.3781512605042021,-1.8076923076923077,7.3198626751614801
-7.3781512605042021,-1.5,7.4134790690972112
-7.3781512605042021,-1.1923076923076923,7.4875219838888594
-7.3781512605042021,-0.88461538461538458,7.5463395702541201
-7.3781512605042021,-0.57692307692307687,7.5932595732057511
-7.3781512605042021,-0.26923076923076922,7.630831193163603
-7.3781512605042021,0.038461538461538464,7.6610158789547746
-7.3781512605042021,0.34615384615384615,7.6853324413544746
-7.3781512605042021,0.65384615384615385,7.7049653374632685
-7.3781512605042021,0.96153846153846156,7.720844846235055
-7.3781512605042021,1.2692307692307692,7.7337064254332217
-7.3781512605042021,1.5769230769230769,7.7441348797627132
-7.3781512605042021,1.8846153846153846,7.7525975028248224
-7.3781512605042021,2.1923076923076925,7.7594691978905201
-7.3781512605042021,2.5,7.7650517214428225
-7.2268907563025211,-9.5,0.0025361816863738304
-7.2268907563025211,-9.1923076923076916,0.0046727006735407372
-7.2268907563025211,-8.884615384615385,0.0085853525782794756
-7.2268907563025211,-8.5769230769230766,0.015706212345211239
-7.2268907563025211,-8.2692307692307701,0.028544798371064994
-7.2268907563025211,-7.9615384615384617,0.051377174785103702
-7.2268907563025211,-7.6538461538461542,0.091205902453990045
-7.2268907563025211,-7.3461538461538458,0.15888346168984449
-7.2268907563025211,-7.0384615384615383,0.27000239426675499
-7.2268907563025211,-6.7307692307692308,0.44473887678519419
-7.2268907563025211,-6.4230769230769234,0.70554028048055462
-7.2268907563025211,-6.115384615384615,1.0718930664344757
-7.2268907563025211,-5.8076923076923075,1.5528559039173313
-7.2268907563025211,-5.5,2.1402026756655599
-7.2268907563025211,-5.1923076923076925,2.8062044563170474
-7.2268907563025211,-4.884615384615385,3.5084833890342497
-7.2268907563025211,-4.5769230769230766,4.2003947407914746
-7.2268907563025211,-4.2692307692307692,4.8420905700282209
-7.2268907563025211,-3.9615384615384617,5.4075373630312598
-7.2268907563025211,-3.6538461538461537,5.885801698139268
-7.2268907563025211,-3.3461538461538463,6.2780490183341691
-7.2268907563025211,-3.0384615384615383,6.5929045028422903
-7.2268907563025211,-2.7307692307692308,6.8422418388958279
-7.2268907563025211,-2.4230769230769229,7.0382918623015671
-7.2268907563025211,-2.1153846153846154,7.1920815011197767
-7.2268907563025211,-1.8076923076923077,7.3128344902362992
-7.2268907563025211,-1.5,7.4079302946411598
-7.2268907563025211,-1.1923076923076923,7.483122202961864
-7.2268907563025211,-0.88461538461538458,7.54283572964688
-7.2268907563025211,-0.57692307692307687,7.5904580477687116
-7.2268907563025211,-0.26923076923076922,7.6285833399476921
-7.2268907563025211,0.038461538461538464,7.6592069257137556
-7.2268907563025211,0.34615384615384615,7.6838731500336985
-7.2268907563025211,0.65384615384615385,7.703785822282228
-7.2268907563025211,0.96153846153846156,7.7198900027011277
-7.2268907563025211,1.2692307692307692,7.7329325409132768
-7.2268907563025211,1.5769230769230769,7.7435071054389359
-7.2268907563025211,1.8846153846153846,7.752087956023507
-7.2268907563025211,2.1923076923076925,7.7590555286039073
-7.2268907563025211,2.5,7.7647160166636429
-7.0756302521008401,-9.5,0.0023867397635245233
-7.0756302521008401,-9.1923076923076916,0.0043984818490710028
-7.0756302521008401,-8.884615384615385,0.0080847621150243066
-7.0756302521008401,-8.5769230769230766,0.014799553234749732
-7.0756302521008401,-8.2692307692307701,0.026921750820388758
-7.0756302521008401,-7.9615384615384617,0.048519922564738097
-7.0756302521008401,-7.6538461538461542,0.086290953461888892
-7.0756302521008401,-7.3461538461538458,0.15068528587355556
-7.0756302521008401,-7.0384615384615383,0.25685645092908777
-7.0756302521008401,-6.7307692307692308,0.42465795371266024
-7.0756302521008401,-6.4230769230769234,0.67657797569178457
-7.0756302521008401,-6.115384615384615,1.0327596925630158
-7.0756302521008401,-5.8076923076923075,1.5036083199916843
-7.0756302521008401,-5.5,2.0826592694527775
-7.0756302521008401,-5.1923076923076925,2.743767244376599
-7.0756302521008401,-4.884615384615385,3.4453503548715396
-7.0756302521008401,-4.5769230769230766,4.1405156740064655
-7.0756302521008401,-4.2692307692307692,4.788347254804032
-7.0756302521008401,-3.9615384615384617,5.3614281014275758
-7.0756302521008401,-3.6538461538461537,5.8475925599837222
-7.0756302521008401,-3.3461538461538463,6.2471668853658784
-7.0756302521008401,-3.0384615384615383,6.5683498442215837
-7.0756302521008401,-2.7307692307692308,6.8228996799418908
-7.0756302521008401,-2.4230769230769229,7.0231155738708608
-7.0756302521008401,-2.1153846153846154,7.1801750543534553
-7.0756302521008401,-1.8076923076923077,7.3034711756760347
-7.0756302521008401,-1.5,7.4005392304554487
-7.0756302521008401,-1.1923076923076923,7.4772627044728441
-7.0756302521008401,-0.88461538461538458,7.5381702431892581
-7.0756302521008401,-0.57692307692307687,7.5867283097408205
-7.0756302521008401,-0.26923076923076922,7.6255911258316953
-7.0756302521008401,0.038461538461538464,7.656799221779198
-7.0756302521008401,0.34615384615384615,7.6819310199056465
-7.0756302521008401,0.65384615384615385,7.7022161474614101
-7.0756302521008401,0.96153846153846156,7.7186193717631424
-7.0756302521008401,1.2692307692307692,7.7319027090848609
-7.0756302521008401,1.5769230769230769,7.7426715855257164
-7.0756302521008401,1.8846153846153846,7.7514094157264557
-7.0756302521008401,2.1923076923076925,7.7585037639338683
-7.0756302521008401,2.5,7.764266362128172
-6.9243697478991599,-9.5,0.0021984430781651341
-6.9243697478991599,-9.1923076923076916,0.0040528754135831496
-6.9243697478991599,-8.884615384615385,0.0074535950439095257
-6.9243697478991599,-8.5769230769230766,0.013655694754133977
-6.9243697478991599,-8.2692307692307701,0.024872254201824186
-6.9243697478991599,-7.9615384615384617,0.044907415973407416
-6.9243697478991599,-7.6538461538461542,0.08006631313904046
-6.9243697478991599,-7.3461538461538458,0.14027967803653507
-6.9243697478991599,-7.0384615384615383,0.2401250045030528
-6.9243697478991599,-6.7307692307692308,0.39901592093913663
-6.9243697478991599,-6.4230769230769234,0.63945509299351178
-6.9243697478991599,-6.115384615384615,0.98239079934970619
-6.9243697478991599,-5.8076923076923075,1.4399424971265642
-6.9243697478991599,-5.5,2.0079384941896596
-6.9243697478991599,-5.1923076923076925,2.6623446255085486
-6.9243697478991599,-4.884615384615385,3.3626960970280639
-6.9243697478991599,-4.5769230769230766,4.061851177834451
-6.9243697478991599,-4.2692307692307692,4.7175408735071214
-6.9243697478991599,-3.9615384615384617,5.3005423181556619
-6.9243697478991599,-3.6538461538461537,5.7970543749693038
-6.9243697478991599,-3.3461538461538463,6.2062732715780768
-6.9243697478991599,-3.0384615384615383,6.5358122399501042
-6.9243697478991599,-2.7307692307692308,6.797260241517864
-6.9243697478991599,-2.4230769230769229,7.0029964254641666
-6.9243697478991599,-2.1153846153846154,7.1643919885538168
-6.9243697478991599,-1.8076923076923077,7.2910615486283126
-6.9243697478991599,-1.5,7.3907458217994506
-6.9243697478991599,-1.1923076923076923,7.4695006023485933
-6.9243697478991599,-0.88461538461538458,7.5319913237385583
-6.9243697478991599,-0.57692307692307687,7.5817897403059797
-6.9243697478991599,-0.26923076923076922,7.6216298435375709
-6.9243697478991599,0.038461538461538464,7.6536122380232605
-6.9243697478991599,0.34615384615384615,7.6793606186916445
-6.9243697478991599,0.65384615384615385,7.7001389027096732
-6.9243697478991599,0.96153846153846156,7.7169380287238347
-6.9243697478991599,1.2692307692307692,7.7305401718732449
-6.9243697478991599,1.5769230769230769,7.7415664462259262
-6.9243697478991599,1.8846153846153846,7.750512620074578
-6.9243697478991599,2.1923076923076925,7.7577761205072475
-6.9243697478991599,2.5,7.763676657555143
-6.7731092436974789,-9.5,0.0019670809253973867
-6.7731092436974789,-9.1923076923076916,0.00362807283026189
-6.7731092436974789,-8.884615384615385,0.0066773635865785526
-6.7731092436974789,-8.5769230769230766,0.01224775872583834
-6.7731092436974789,-8.2692307692307701,0.022346520841889199
-6.7731092436974789,-7.9615384615384617,0.040447846363685529
-6.7731092436974789,-7.6538461538461542,0.072364296650287471
-6.7731092436974789,-7.3461538461538458,0.12736556480954719
-6.7731092436974789,-7.0384615384615383,0.21928196661537749
-6.7731092436974789,-6.7307692307692308,0.36692874182466662
-6.7731092436974789,-6.4230769230769234,0.59276109134039912
-6.7731092436974789,-6.115384615384615,0.91867505054781784
-6.7731092436974789,-5.8076923076923075,1.3589232683806063
-6.7731092436974789,-5.5,1.912276092126391
-6.7731092436974789,-5.1923076923076925,2.5574950938291301
-6.7731092436974789,-4.884615384615385,3.2556911859802358
-6.7731092436974789,-4.5769230769230766,3.9595346989913778
-6.7731092436974789,-4.2692307692307692,4.6250865873914018
-6.7731092436974789,-3.9615384615384617,5.2207978513003201
-6.7731092436974789,-3.6538461538461537,5.7307122220741453
-6.7731092436974789,-3.3461538461538463,6.1525080432524861
-6.7731092436974789,-3.0384615384615383,6.4929921394570371
-6.7731092436974789,-2.7307692307692308,6.7635018678596879
-6.7731092436974789,-2.4230769230769229,6.9765027471056493
-6.7731092436974789,-2.1153846153846154,7.143610287877121
-6.7731092436974789,-1.8076923076923077,7.27472563488665
-6.7731092436974789,-1.5,7.3778579033791774
-6.7731092436974789,-1.1923076923076923,7.459289235058006
-6.7731092436974789,-0.88461538461538458,7.5238652924601634
-6.7731092436974789,-0.57692307692307687,7.5752967857087645
-6.7731092436974789,-0.26923076923076922,7.6164230586419466
-6.7731092436974789,0.038461538461538464,7.6494240674409753
-6.7731092436974789,0.34615384615384615,7.6759832912883503
-6.7731092436974789,0.65384615384615385,7.6974099029650791
-6.7731092436974789,0.96153846153846156,7.7147293508091908
-6.7731092436974789,1.2692307692307692,7.7287503475285941
-6.7731092436974789,1.5769230769230769,7.7401145808907286
-6.7731092436974789,1.8846153846153846,7.7493338739050293
-6.7731092436974789,2.1923076923076925,7.756818232340466
-6.7731092436974789,2.5,7.762897246347622
-6.6218487394957979,-9.5,0.001692299488669381
-6.6218487394957979,-9.1923076923076916,0.0031233014358724677
-6.6218487394957979,-8.884615384615385,0.0057543053985249608
-6.6218487394957979,-8.5769230769230766,0.010571586075909342
-6.6218487394957979,-8.2692307692307701,0.019334558427193175
-6.6218487394957979,-7.9615384615384617,0.0351172439913046
-6.6218487394957979,-7.6538461538461542,0.063128599953582443
-6.6218487394957979,-7.3461538461538458,0.11181572817953166
-6.6218487394957979,-7.0384615384615383,0.19405516890916577
-6.6218487394957979,-6.7307692307692308,0.32785262801512866
-6.6218487394957979,-6.4230769230769234,0.53549314350466126
-6.6218487394957979,-6.115384615384615,0.83992156649467353
-6.6218487394957979,-5.8076923076923075,1.2579614006192239
-6.6218487394957979,-5.5,1.792083446587549
-6.6218487394957979,-5.1923076923076925,2.4247151604462829
-6.6218487394957979,-4.884615384615385,3.1191962806789442
-6.6218487394957979,-4.5769230769230766,3.8281905591833119
-6.6218487394957979,-4.2692307692307692,4.5057750947489943
-6.6218487394957979,-3.9615384615384617,5.1174594112420735
-6.6218487394957979,-3.6538461538461537,5.6444756311756414
-6.6218487394957979,-3.3461538461538463,6.082471128286647
-6.6218487394957979,-3.0384615384615383,6.4371392506909428
-6.6218487394957979,-2.7307692307692308,6.7194388460111938
-6.6218487394957979,-2.4230769230769229,6.9419148219291991
-6.6218487394957979,-2.1153846153846154,7.1164825985339384
-6.6218487394957979,-1.8076923076923077,7.253407991791927
-6.6218487394957979,-1.5,7.3610466746054168
-6.6218487394957979,-1.1923076923076923,7.4459752329038755
-6.6218487394957979,-0.88461538461538458,7.5132747549473518
-6.6218487394957979,-0.57692307692307687,7.5668378722645464
-6.6218487394957979,-0.26923076923076922,7.6096420000181597
-6.6218487394957979,0.038461538461538464,7.6439711141400579
-6.6218487394957979,0.34615384615384615,7.6715870397328345
-6.6218487394957979,0.65384615384615385,7.6938582195825989
-6.6218487394957979,0.96153846153846156,7.7118552664036004
-6.6218487394957979,1.2692307692307692,7.7264216077632275
-6.6218487394957979,1.5769230769230769,7.7382258580709831
-6.6218487394957979,1.8846153846153846,7.7478009136356691
-6.6218487394957979,2.1923076923076925,7.7555734129142015
-6.6218487394957979,2.5,7.7618861727143269
-6.4705882352941178,-9.5,0.0013805834447803032
-6.4705882352941178,-9.1923076923076916,0.0025502975602897339
-6.4705882352941178,-8.884615384615385,0.0047053786395675253
-6.4705882352941178,-8.5769230769230766,0.0086638436883349039
-6.4705882352941178,-8.2692307692307701,0.015898573590665613
-6.4705882352941178,-7.9615384615384617,0.029016433759915378
-6.4705882352941178,-7.6538461538461542,0.052511887307530591
-6.4705882352941178,-7.3461538461538458,0.093838266755205138
-6.4705882352941178,-7.0384615384615383,0.16468147242985945
-6.4705882352941178,-6.7307692307692308,0.28196422483204853
-6.4705882352941178,-6.4230769230769234,0.46758371901265194
-6.4705882352941178,-6.115384615384615,0.74553329619781095
-6.4705882352941178,-5.8076923076923075,1.1355957008646373
-6.4705882352941178,-5.5,1.6447678292176575
-6.4705882352941178,-5.1923076923076925,2.2602130863926488
-6.4705882352941178,-4.884615384615385,2.948418977455479
-6.4705882352941178,-4.5769230769230766,3.6624385118770721
-6.4705882352941178,-4.2692307692307692,4.3541269451531308
-6.4705882352941178,-3.9615384615384617,4.985369607170357
-6.4705882352941178,-3.6538461538461537,5.5337815945406552
-6.4705882352941178,-3.3461538461538463,5.9923092193713119
-6.4705882352941178,-3.0384615384615383,6.3651061626693499
-6.4705882352941178,-2.7307692307692308,6.6625567174304097
-6.4705882352941178,-2.4230769230769229,6.8972503060819736
-6.4705882352941178,-2.1153846153846154,7.0814561431755809
-6.4705882352941178,-1.8076923076923077,7.2258942376549449
-6.4705882352941178,-1.5,7.3393608192099453
-6.4705882352941178,-1.1923076923076923,7.4288106825942259
-6.4705882352941178,-0.88461538461538458,7.4996290577863469
-6.4705882352941178,-0.57692307692307687,7.5559443333037786
-6.4705882352941178,-0.26923076923076922,7.6009131189638293
-6.4705882352941178,0.038461538461538464,7.6369544423896905
-6.4705882352941178,0.34615384615384615,7.665931810859087
-6.4705882352941178,0.65384615384615385,7.6892905282770707
-6.4705882352941178,0.96153846153846156,7.7081597133390041
-6.4705882352941178,1.2692307692307692,7.7234277104594131
-6.4705882352941178,1.5769230769230769,7.7357979333080982
-6.4705882352941178,1.8846153846153846,7.7458304830558387
-6.4705882352941178,2.1923076923076925,7.7539734491184324
-6.4705882352941178,2.5,7.7605866916431978
-6.3193277310924367,-9.5,0.0010481927019887641
-6.3193277310924367,-9.1923076923076916,0.0019387251457437789
-6.3193277310924367,-8.884615384615385,0.0035842354283352551
-6.3193277310924367,-8.5769230769230766,0.006620301205915901
-6.3193277310924367,-8.2692307692307701,0.012206214068019862
-6.3193277310924367,-7.9615384615384617,0.022430754663520316
-6.3193277310924367,-7.6538461538461542,0.040981025937140189
-6.3193277310924367,-7.3461538461538458,0.074156800324121086
-6.3193277310924367,-7.0384615384615383,0.13220317987001096
-6.3193277310924367,-6.7307692307692308,0.23062273479440212
-6.3193277310924367,-6.4230769230769234,0.39057392057921636
-6.3193277310924367,-6.115384615384615,0.63691157264452913
-6.3193277310924367,-5.8076923076923075,0.99260053725008934
-6.3193277310924367,-5.5,1.4699582945580818
-6.3193277310924367,-5.1923076923076925,2.0621312934775919
-6.3193277310924367,-4.884615384615385,2.7400140560182864
-6.3193277310924367,-4.5769230769230766,3.4577945845648306
-6.3193277310924367,-4.2692307692307692,4.1650726818866257
-6.3193277310924367,-3.9615384615384617,4.8194316218571149
-6.3193277310924367,-3.6538461538461537,5.3939243682538454
-6.3193277310924367,-3.3461538461538463,5.8779387410097517
-6.3193277310924367,-3.0384615384615383,6.2735015327892052
-6.3193277310924367,-2.7307692307692308,6.5901214123762273
-6.3193277310924367,-2.4230769230769229,6.84034553549143
-6.3193277310924367,-2.1153846153846154,7.0368358467927008
-6.3193277310924367,-1.8076923076923077,7.1908615947626551
-6.3193277310924367,-1.5,7.3117677589450905
-6.3193277310924367,-1.1923076923076923,7.4069871362924502
-6.3193277310924367,-0.88461538461538458,7.4822924329466973
-6.3193277310924367,-0.57692307692307687,7.5421137070773199
-6.3193277310924367,-0.26923076923076922,7.5898373466872906
-6.3193277310924367,0.038461538461538464,7.6280556601517846
-6.3193277310924367,0.34615384615384615,7.6587625696033088
-6.3193277310924367,0.65384615384615385,7.6835018571518168
-6.3193277310924367,0.96153846153846156,7.7034774948024038
-6.3193277310924367,1.2692307692307692,7.7196351948728381
-6.3193277310924367,1.5769230769230769,7.7327227201414992
-6.3193277310924367,1.8846153846153846,7.7433347317886225
-6.3193277310924367,2.1923076923076925,7.7519464301582603
-6.3193277310924367,2.5,7.7589390594916372
-6.1680672268907566,-9.5,0.00072212658682306737
-6.1680672268907566,-9.1923076923076916,0.0013380221092970915
-6.1680672268907566,-8.884615384615385,0.0024808083880388308
-6.1680672268907566,-8.5769230769230766,0.004602907230622252
-6.1680672268907566,-8.2692307692307701,0.008544719875684996
-6.1680672268907566,-7.9615384615384617,0.015858547403501747
-6.1680672268907566,-7.6538461538461542,0.02937411886521217
-6.1680672268907566,-7.3461538461538458,0.054122182002586797
-6.1680672268907566,-7.0384615384615383,0.098678155309759777
-6.1680672268907566,-6.7307692307692308,0.17674226286473921
-6.1680672268907566,-6.4230769230769234,0.30822413174923458
-6.1680672268907566,-6.115384615384615,0.51836878730456803
-6.1680672268907566,-5.8076923076923075,0.83321423123195482
-6.1680672268907566,-5.5,1.2709833320794917
-6.1680672268907566,-5.1923076923076925,1.832131227653101
-6.1680672268907566,-4.884615384615385,2.4936042363153805
-6.1680672268907566,-4.5769230769230766,3.2119887495324138
-6.1680672268907566,-4.2692307692307692,3.9349992897281316
-6.1680672268907566,-3.9615384615384617,4.615386242150759
-6.1680672268907566,-3.6538461538461537,5.2206078985340651
-6.1680672268907566,-3.3461538461538463,5.7354316114599406
-6.1680672268907566,-3.0384615384615383,6.1589611091428695
-6.1680672268907566,-2.7307692307692308,6.499374336379792
-6.1680672268907566,-2.4230769230769229,6.769000700843514
-6.1680672268907566,-2.1153846153846154,6.9808959937417008
-6.1680672268907566,-1.8076923076923077,7.146967091800974
-6.1680672268907566,-1.5,7.2772246302142936
-6.1680672268907566,-1.1923076923076923,7.3796933705241399
-6.1680672268907566,-0.88461538461538458,7.4606312766914735
-6.1680672268907566,-0.57692307692307687,7.5248485307474215
-6.1680672268907566,-0.26923076923076922,7.5760219394607295
-6.1680672268907566,0.038461538461538464,7.6169630444935734
-6.1680672268907566,0.34615384615384615,7.6498307116693685
-6.1680672268907566,0.65384615384615385,7.6762931251267101
-6.1680672268907566,0.96153846153846156,7.6976486584066786
-6.1680672268907566,1.2692307692307692,7.7149152501828091
-6.1680672268907566,1.5769230769230769,7.7288964318534825
-6.1680672268907566,1.8846153846153846,7.740230333048582
-6.1680672268907566,2.1923076923076925,7.7494263505456908
-6.1680672268907566,2.5,7.7568928576209943
-6.0168067226890756,-9.5,0.00043623852917642298
-6.0168067226890756,-9.1923076923076916,0.0008103939582519374
-6.0168067226890756,-8.884615384615385,0.0015088708822778977
-6.0168067226890756,-8.5769230769230766,0.0028182208658600163
-6.0168067226890756,-8.2692307692307701,0.00528483859203143
-6.0168067226890756,-7.9615384615384617,0.0099539169033181722
-6.0168067226890756,-7.6538461538461542,0.018816738801113966
-6.0168067226890756,-7.3461538461538458,0.035604647181856658
-6.0168067226890756,-7.0384615384615383,0.067070234157720038
-6.0168067226890756,-6.7307692307692308,0.12473808661011158
-6.0168067226890756,-6.4230769230769234,0.22661753259897827
-6.0168067226890756,-6.115384615384615,0.39751904419336143
-6.0168067226890756,-5.8076923076923075,0.66592577766979677
-6.0168067226890756,-5.5,1.0560751359344003
-6.0168067226890756,-5.1923076923076925,1.5769119267314182
-6.0168067226890756,-4.884615384615385,2.2134146290936099
-6.0168067226890756,-4.5769230769230766,2.9265040212674895
-6.0168067226890756,-4.2692307692307692,3.6630478738496985
-6.0168067226890756,-3.9615384615384617,4.3708157496695712
-6.0168067226890756,-3.6538461538461537,5.0106773235312945
-6.0168067226890756,-3.3461538461538463,5.5615311430249115
-6.0168067226890756,-3.0384615384615383,6.018509170137933
-6.0168067226890756,-2.7307692307692308,6.387789372717994
-6.0168067226890756,-2.4230769230769229,6.6811678243143069
-6.0168067226890756,-2.1153846153846154,6.9120222381798371
-6.0168067226890756,-1.8076923076923077,7.0929580077119017
-6.0168067226890756,-1.5,7.2347660895945118
-6.0168067226890756,-1.1923076923076923,7.3461862220150485
-6.0168067226890756,-0.88461538461538458,7.4340717902711528
-6.0168067226890756,-0.57692307692307687,7.5037034522061932
-6.0168067226890756,-0.26923076923076922,7.5591190538275317
-6.0168067226890756,0.038461538461538464,7.6034031345331821
-6.0168067226890756,0.34615384615384615,7.6389199189787975
-6.0168067226890756,0.65384615384615385,7.6674922619036048
-6.0168067226890756,0.96153846153846156,7.6905356588782068
-6.0168067226890756,1.2692307692307692,7.7091574275912613
-6.0168067226890756,1.5769230769230769,7.7242299053696311
-6.0168067226890756,1.8846153846153846,7.7364446499989841
-6.0168067226890756,2.1923076923076925,7.7463528712218768
-6.0168067226890756,2.5,7.7543958893642264
-5.8655462184873945,-9.5,0.00022067193235328781
-5.8655462184873945,-9.1923076923076916,0.00041153297568071086
-5.8655462184873945,-8.884615384615385,0.00077114724365176491
-5.8655462184873945,-8.5769230769230766,0.0014551032444462418
-5.8655462184873945,-8.2692307692307701,0.0027717249493086158
-5.8655462184873945,-7.9615384615384617,0.0053411082827451578
-5.8655462184873945,-7.6538461538461542,0.010418686817517207
-5.8655462184873945,-7.3461538461538458,0.020525465018532897
-5.8655462184873945,-7.0384615384615383,0.040578826913329591
-5.8655462184873945,-6.7307692307692308,0.079660315495087175
-5.8655462184873945,-6.4230769230769234,0.15318665695437941
-5.8655462184873945,-6.115384615384615,0.28438780921441187
-5.8655462184873945,-5.8076923076923075,0.50291944344921125
-5.8655462184873945,-5.5,0.8383576337189026
-5.8655462184873945,-5.1923076923076925,1.3087926321757253
-5.8655462184873945,-4.884615384615385,1.909308843087905
-5.8655462184873945,-4.5769230769230766,2.6078090365440252
-5.8655462184873945,-4.2692307692307692,3.3522957279270815
-5.8655462184873945,-3.9615384615384617,4.0861245378236504
-5.8655462184873945,-3.6538461538461537,4.7628543838572615
-5.8655462184873945,-3.3461538461538463,5.3541687863051965
-5.8655462184873945,-3.0384615384615383,5.8499099655403723
-5.8655462184873945,-2.7307692307692308,6.2533111781391026
-5.8655462184873945,-2.4230769230769229,6.5751157910606493
-5.8655462184873945,-2.1153846153846154,6.8288301071700603
-5.8655462184873945,-1.8076923076923077,7.0277604548190222
-5.8655462184873945,-1.5,7.1835729101955677
-5.8655462184873945,-1.1923076923076923,7.3058451121952865
-5.8655462184873945,-0.88461538461538458,7.4021440539299599
-5.8655462184873945,-0.57692307692307687,7.4783211964434635
-5.8655462184873945,-0.26923076923076922,7.5388552309948373
-5.8655462184873945,0.038461538461538464,7.5871649415185711
-5.8655462184873945,0.34615384615384615,7.6258660442660746
-5.8655462184873945,0.65384615384615385,7.6569705501543694
-5.8655462184873945,0.96153846153846156,7.6820368532897119
-5.8655462184873945,1.2692307692307692,7.7022810136213717
-5.8655462184873945,1.5769230769230769,7.7186588437559056
-5.8655462184873945,1.8846153846153846,7.7319265664793191
-5.8655462184873945,2.1923076923076925,7.7426859248637339
-5.8655462184873945,2.5,7.7514180427452724
-5.7142857142857144,-9.5,8.786465360173492e-05
-5.7142857142857144,-9.1923076923076916,0.00016488041842976244
-5.7142857142857144,-8.884615384615385,0.00031219303748607457
-5.7142857142857144,-8.5769230769230766,0.00059909373272657731
-5.7142857142857144,-8.2692307692307701,0.0011712087070936932
-5.7142857142857144,-7.9615384615384617,0.0023436097506583757
-5.7142857142857144,-7.6538461538461542,0.0048098444937251811
-5.7142857142857144,-7.3461538461538458,0.010093179561676092
-5.7142857142857144,-7.0384615384615383,0.02145048337041966
-5.7142857142857144,-6.7307692307692308,0.045477297933451982
-5.7142857142857144,-6.4230769230769234,0.094460480493323215
-5.7142857142857144,-6.115384615384615,0.18879007248741364
-5.7142857142857144,-5.8076923076923075,0.3574467191380476
-5.7142857142857144,-5.5,0.63366671929043572
-5.7142857142857144,-5.1923076923076925,1.0443266083268889
-5.7142857142857144,-4.884615384615385,1.5962689350210579
-5.7142857142857144,-4.5769230769230766,2.2675042706042765
-5.7142857142857144,-4.2692307692307692,3.0102453796699411
-5.7142857142857144,-3.9615384615384617,3.7650902929333658
-5.7142857142857144,-3.6538461538461537,4.4781925665735551
-5.7142857142857144,-3.3461538461538463,5.1127769551428992
-5.7142857142857144,-3.0384615384615383,5.6518552356005793
-5.7142857142857144,-2.7307692307692308,6.0944548114817589
-5.7142857142857144,-2.4230769230769229,6.4494767936229671
-5.7142857142857144,-2.1153846153846154,6.7301828683831673
-5.7142857142857144,-1.8076923076923077,6.950483614272712
-5.7142857142857144,-1.5,7.1229706710914709
-5.7142857142857144,-1.1923076923076923,7.2581691173860916
-5.7142857142857144,-0.88461538461538458,7.364479146023637
-5.7142857142857144,-0.57692307692307687,7.4484302901395498
-5.7142857142857144,-0.26923076923076922,7.5150297950622527
-5.7142857142857144,0.038461538461538464,7.5680989097231439
-5.7142857142857144,0.34615384615384615,7.6105564819321136
-5.7142857142857144,0.65384615384615385,7.6446422589501495
-5.7142857142857144,0.96153846153846156,7.672086248057405
-5.7142857142857144,1.2692307692307692,7.6942346781481019
-5.7142857142857144,1.5769230769230769,7.7121429345150112
-5.7142857142857144,1.8846153846153846,7.726644114111763
-5.7142857142857144,2.1923076923076925,7.7383998565558976
-5.7142857142857144,2.5,7.7479383513219178
-5.5630252100840334,-9.5,2.5376628712530516e-05
-5.5630252100840334,-9.1923076923076916,4.8156087665798013e-05
-5.5630252100840334,-8.884615384615385,9.2945061321832024e-05
-5.5630252100840334,-8.5769230769230766,0.00018403379330671205
-5.5630252100840334,-8.2692307692307701,0.00037746597308732204
-5.5630252100840334,-7.9615384615384617,0.00080818791164343905
-5.5630252100840334,-7.6538461538461542,0.0018086054767814238
-5.5630252100840334,-7.3461538461538458,0.0041948910581975857
-5.5630252100840334,-7.0384615384615383,0.0099101563602246676
-5.5630252100840334,-6.7307692307692308,0.023318857767311851
-5.5630252100840334,-6.4230769230769234,0.053420582517760995
-5.5630252100840334,-6.115384615384615,0.11676746938713851
-5.5630252100840334,-5.8076923076923075,0.23961641117625046
-5.5630252100840334,-5.5,0.4562724429629812
-5.5630252100840334,-5.1923076923076925,0.80063011132210937
-5.5630252100840334,-4.884615384615385,1.2917844124452582
-5.5630252100840334,-4.5769230769230766,1.9208210341411385
-5.5630252100840334,-4.2692307692307692,2.6481577265631704
-5.5630252100840334,-3.9615384615384617,3.414655268897389
-5.5630252100840334,-3.6538461538461537,4.160032770073661
-5.5630252100840334,-3.3461538461538463,4.8382537222424871
-5.5630252100840334,-3.0384615384615383,5.4238889575257367
-5.5630252100840334,-2.7307692307692308,5.9101947425688355
-5.5630252100840334,-2.4230769230769229,6.3031190866584001
-5.5630252100840334,-2.1153846153846154,6.6150652300284474
-5.5630252100840334,-1.8076923076923077,6.8603047119473874
-5.5630252100840334,-1.5,7.0523303765962968
-5.5630252100840334,-1.1923076923076923,7.2026938240255367
-5.5630252100840334,-0.88461538461538458,7.320740904103654
-5.5630252100840334,-0.57692307692307687,7.4137896610816103
-5.5630252100840334,-0.26923076923076922,7.4874701249017814
-5.5630252100840334,0.038461538461538464,7.5460808877980519
-5.5630252100840334,0.34615384615384615,7.5929011587086013
-5.5630252100840334,0.65384615384615385,7.6304412744279082
-5.5630252100840334,0.96153846153846156,7.6606346641527168
-5.5630252100840334,1.2692307692307692,7.6849813135336538
-5.5630252100840334,1.5769230769230769,7.7046537394290633
-5.5630252100840334,1.8846153846153846,7.7205750619627569
-5.5630252100840334,2.1923076923076925,7.7334767209936697
-5.5630252100840334,2.5,7.7439414722514996
-5.4117647058823533,-9.5,4.8079317797920143e-06
-5.4117647058823533,-9.1923076923076916,9.3576243269563514e-06
-5.4117647058823533,-8.884615384615385,1.88672631435887e-05
-5.4117647058823533,-8.5769230769230766,4.0066119658141101e-05
-5.4117647058823533,-8.2692307692307701,9.0938036121169169e-05
-5.4117647058823533,-7.9615384615384617,0.00022164098986131306
-5.4117647058823533,-7.6538461538461542,0.00057390541905508966
-5.4117647058823533,-7.3461538461538458,0.0015420736128030593
-5.4117647058823533,-7.0384615384615383,0.0041791713268613806
-5.4117647058823533,-6.7307692307692308,0.011120612504809722
-5.4117647058823533,-6.4230769230769234,0.028403956399121938
-5.4117647058823533,-6.115384615384615,0.068375448235489064
-5.4117647058823533,-5.8076923076923075,0.15292581505061928
-5.4117647058823533,-5.5,0.31447238054025634
-5.4117647058823533,-5.1923076923076925,0.59078797198129429
-5.4117647058823533,-4.884615384615385,1.0119007040380179
-5.4117647058823533,-4.5769230769230766,1.5838027398077064
-5.4117647058823533,-4.2692307692307692,2.2793628881944472
-5.4117647058823533,-3.9615384615384617,3.0440423056233015
-5.4117647058823533,-3.6538461538461537,3.8135502709882085
-5.4117647058823533,-3.3461538461538463,4.5326794201003082
-5.4117647058823533,-3.0384615384615383,5.1661673194598849
-5.4117647058823533,-2.7307692307692308,5.6997305771722102
-5.4117647058823533,-2.4230769230769229,6.1349196273145354
-5.4117647058823533,-2.1153846153846154,6.4823731451286655
-5.4117647058823533,-1.8076923076923077,6.7562835720578729
-5.4117647058823533,-1.5,6.9709104897670615
-5.4117647058823533,-1.1923076923076923,7.1388599341502319
-5.4117647058823533,-0.88461538461538458,7.2705182620786584
-5.4117647058823533,-0.57692307692307687,7.3741011926357469
-5.4117647058823533,-0.26923076923076922,7.4559609558236479
-5.4117647058823533,0.038461538461538464,7.5209550815699577
-5.4117647058823533,0.34615384615384615,7.5727865197959705
-5.4117647058823533,0.65384615384615385,7.6142839737819523
-5.4117647058823533,0.96153846153846156,7.6476197807845212
-5.4117647058823533,1.2692307692307692,7.6744739190955098
-5.4117647058823533,1.5769230769230769,7.6961554882056129
-5.4117647058823533,1.8846153846153846,7.7136921787590778
-5.4117647058823533,2.1923076923076925,7.7278962609011161
-5.4117647058823533,2.5,7.7394135536886512
-5.2605042016806722,-9.5,5.6126834897367315e-07
-5.2605042016806722,-9.1923076923076916,1.1835681943470588e-06
-5.2605042016806722,-8.884615384615385,2.7120402122654692e-06
-5.2605042016806722,-8.5769230769230766,6.8764876107447299e-06
-5.2605042016806722,-8.2692307692307701,1.9230988595853712e-05
-5.2605042016806722,-7.9615384615384617,5.7847934389251496e-05
-5.2605042016806722,-7.6538461538461542,0.00018084363837682897
-5.2605042016806722,-7.3461538461538458,0.00056920018890945976
-5.2605042016806722,-7.0384615384615383,0.0017588593504964396
-5.2605042016806722,-6.7307692307692308,0.0052316935730619876
-5.2605042016806722,-6.4230769230769234,0.014738608269368981
-5.2605042016806722,-6.115384615384615,0.038779659496925016
-5.2605042016806722,-5.8076923076923075,0.094158188411400723
-5.2605042016806722,-5.5,0.20893550177723541
-5.2605042016806722,-5.1923076923076925,0.42093365486611678
-5.2605042016806722,-4.884615384615385,0.76788263105156296
-5.2605042016806722,-4.5769230769230766,1.2704460869876415
-5.2605042016806722,-4.2692307692307692,1.9173383005006144
-5.2605042016806722,-3.9615384615384617,2.6637171961716906
-5.2605042016806722,-3.6538461538461537,3.4452867592413821
-5.2605042016806722,-3.3461538461538463,4.1991097002395898
-5.2605042016806722,-3.0384615384615383,4.8793261448350398
-5.2605042016806722,-2.7307692307692308,5.4623545788811265
-5.2605042016806722,-2.4230769230769229,5.9436195817564395
-5.2605042016806722,-2.1153846153846154,6.3307670004651211
-5.2605042016806722,-1.8076923076923077,6.6372249263325731
-5.2605042016806722,-1.5,6.8777353037793292
-5.2605042016806722,-1.1923076923076923,7.0659100730378377
-5.2605042016806722,-0.88461538461538458,7.2132399169446675
-5.2605042016806722,-0.57692307692307687,7.3289402356981306
-5.2605042016806722,-0.26923076923076922,7.420188270997067
-5.2605042016806722,0.038461538461538464,7.4924889271977628
-5.2605042016806722,0.34615384615384615,7.5500392732799826
-5.2605042016806722,0.65384615384615385,7.5960400697473656
-5.2605042016806722,0.96153846153846156,7.6329426107169605
-5.2605042016806722,1.2692307692307692,7.6626364392188258
-5.2605042016806722,1.5769230769230769,7.6865890277890223
-5.2605042016806722,1.8846153846153846,7.7059487369223616
-5.2605042016806722,2.1923076923076925,7.7216206186381644
-5.2605042016806722,2.5,7.7343224818217671
-5.1092436974789912,-9.5,6.4321437553929631e-08
-5.1092436974789912,-9.1923076923076916,1.6740089986705335e-07
-5.1092436974789912,-8.884615384615385,4.933955072953423e-07
-5.1092436974789912,-8.5769230769230766,1.6022505059339144e-06
-5.1092436974789912,-8.2692307692307701,5.5120172567412443e-06
-5.1092436974789912,-7.9615384615384617,1.9415201851053321e-05
-5.1092436974789912,-7.6538461538461542,6.8333046250422801e-05
-5.1092436974789912,-7.3461538461538458,0.00023619071677620854
-5.1092436974789912,-7.0384615384615383,0.00079084754776616783
-5.1092436974789912,-6.7307692307692308,0.0025335735310881625
-5.1092436974789912,-6.4230769230769234,0.0076713843897736767
-5.1092436974789912,-6.115384615384615,0.021686501804121606
-5.1092436974789912,-5.8076923076923075,0.056564000804032795
-5.1092436974789912,-5.5,0.13469895254365333
-5.1092436974789912,-5.1923076923076925,0.29052428042613043
-5.1092436974789912,-4.884615384615385,0.56504781403593773
-5.1092436974789912,-4.5769230769230766,0.99098300005724671
-5.1092436974789912,-4.2692307692307692,1.5742908228151904
-5.1092436974789912,-3.9615384615384617,2.2846284436558033
-5.1092436974789912,-3.6538461538461537,3.0629468671200613
-5.1092436974789912,-3.3461538461538463,3.841659055417594
-5.1092436974789912,-3.0384615384615383,4.5646338811386338
-5.1092436974789912,-2.7307692307692308,5.1975692555722413
-5.1092436974789912,-2.4230769230769229,5.7278830904036608
-5.1092436974789912,-2.1153846153846154,6.1586840314868967
-5.1092436974789912,-1.8076923076923077,6.5016641369741013
-5.1092436974789912,-1.5,6.7715693991411641
-5.1092436974789912,-1.1923076923076923,6.9828612144528321
-5.1092436974789912,-0.88461538461538458,7.1481491866587223
-5.1092436974789912,-0.57692307692307687,7.2777344825911214
-5.1092436974789912,-0.26923076923076922,7.3797223090105879
-5.1092436974789912,0.038461538461538464,7.4603597374958888
-5.1092436974789912,0.34615384615384615,7.524416013473636
-5.1092436974789912,0.65384615384615385,7.5755245882366413
-5.1092436974789912,0.96153846153846156,7.6164613390644096
-5.1092436974789912,1.2692307692307692,7.649359164972604
-5.1092436974789912,1.5769230769230769,7.6758688025830892
-5.1092436974789912,1.8846153846153846,7.697277653779099
-5.1092436974789912,2.1923076923076925,7.7145972109832019
-5.1092436974789912,2.5,7.7286275345221762
-4.9579831932773111,-9.5,2.1846436866907506e-08
-4.9579831932773111,-9.1923076923076916,6.0107466636489733e-08
-4.9579831932773111,-8.884615384615385,1.8736085782155045e-07
-4.9579831932773111,-8.5769230769230766,6.3847082826575824e-07
-4.9579831932773111,-8.2692307692307701,2.2853918762450707e-06
-4.9579831932773111,-7.9615384615384617,8.3339405270072211e-06
-4.9579831932773111,-7.6538461538461542,3.0332123713222206e-05
-4.9579831932773111,-7.3461538461538458,0.00010861611185867031
-4.9579831932773111,-7.0384615384615383,0.00037822647878408178
-4.9579831932773111,-6.7307692307692308,0.0012665538801954433
-4.9579831932773111,-6.4230769230769234,0.004031249893212888
-4.9579831932773111,-6.115384615384615,0.012045557186411274
-4.9579831932773111,-5.8076923076923075,0.033365234315998492
-4.9579831932773111,-5.5,0.08465190419585239
-4.9579831932773111,-5.1923076923076925,0.1947551006949497
-4.9579831932773111,-4.884615384615385,0.40356509143549962
-4.9579831932773111,-4.5769230769230766,0.75141322343424966
-4.9579831932773111,-4.2692307692307692,1.2602931285631165
-4.9579831932773111,-3.9615384615384617,1.9176379647613215
-4.9579831932773111,-3.6538461538461537,2.6753116083848938
-4.9579831932773111,-3.3461538461538463,3.4657384684634351
-4.9579831932773111,-3.0384615384615383,4.224328856501673
-4.9579831932773111,-2.7307692307692308,4.905383342901616
-4.9579831932773111,-2.4230769230769229,5.4865059790479531
-4.9579831932773111,-2.1153846153846154,5.9644672356239647
-4.9579831932773111,-1.8076923076923077,6.347940439085014
-4.9579831932773111,-1.5,6.6509576065765517
-4.9579831932773111,-1.1923076923076923,6.8885267807895962
-4.9579831932773111,-0.88461538461538458,7.0743172724915651
-4.9579831932773111,-0.57692307692307687,7.2197730889664546
-4.9579831932773111,-0.26923076923076922,7.3340247453049798
-4.9579831932773111,0.038461538461538464,7.4241608604015328
-4.9579831932773111,0.34615384615384615,7.4956086837846154
-4.9579831932773111,0.65384615384615385,7.5525027232366924
-4.9579831932773111,0.96153846153846156,7.5979955687948912
-4.9579831932773111,1.2692307692307692,7.6345023116791584
-4.9579831932773111,1.5769230769230769,7.6638855881770827
-4.9579831932773111,1.8846153846153846,7.6875929254166842
-4.9579831932773111,2.1923076923076925,7.7067578557984771
-4.9579831932773111,2.5,7.7222743369190434
-4.8067226890756301,-9.5,1.1565423810852807e-08
-4.8067226890756301,-9.1923076923076916,3.0325354660787166e-08
-4.8067226890756301,-8.884615384615385,9.0849627665573443e-08
-4.8067226890756301,-8.5769230769230766,3.0229877719582222e-07
-4.8067226890756301,-8.2692307692307701,1.0725155269062506e-06
-4.8067226890756301,-7.9615384615384617,3.9196261253498258e-06
-4.8067226890756301,-7.6538461538461542,1.4412471430072336e-05
-4.8067226890756301,-7.3461538461538458,5.2486115765625898e-05
-4.8067226890756301,-7.0384615384615383,0.00018705288380597979
-4.8067226890756301,-6.7307692307692308,0.00064530148321461321
-4.8067226890756301,-6.4230769230769234,0.0021307494341442153
-4.8067226890756301,-6.115384615384615,0.0066520933959523009
-4.8067226890756301,-5.8076923076923075,0.019381341163184448
-4.8067226890756301,-5.5,0.052015978483200262
-4.8067226890756301,-5.1923076923076925,0.12707666548454427
-4.8067226890756301,-4.884615384615385,0.28002111002618846
-4.8067226890756301,-4.5769230769230766,0.55375069209293593
-4.8067226890756301,-4.2692307692307692,0.98268779950859486
-4.8067226890756301,-3.9615384615384617,1.5728601032165077
-4.8067226890756301,-3.6538461538461537,2.2919660430017776
-4.8067226890756301,-3.3461538461538463,3.0781780102474072
-4.8067226890756301,-3.0384615384615383,3.8619340788311161
-4.8067226890756301,-2.7307692307692308,4.5866364894959935
-4.8067226890756301,-2.4230769230769229,5.2186644595691769
-4.8067226890756301,-2.1153846153846154,5.7465260966666776
-4.8067226890756301,-1.8076923076923077,6.1742896580883961
-4.8067226890756301,-1.5,6.5142745540923377
-4.8067226890756301,-1.1923076923076923,6.78154215375279
-4.8067226890756301,-0.88461538461538458,6.9906567057643025
-4.8067226890756301,-0.57692307692307687,7.1542145968547652
-4.8067226890756301,-0.26923076923076922,7.2824542789271787
-4.8067226890756301,0.038461538461538464,7.3834063036009434
-4.8067226890756301,0.34615384615384615,7.4632487375399377
-4.8067226890756301,0.65384615384615385,7.5266936605341552
-4.8067226890756301,0.96153846153846156,7.5773298069591668
-4.8067226890756301,1.2692307692307692,7.6178991466867201
-4.8067226890756301,1.5769230769230769,7.6505092610089473
-4.8067226890756301,1.8846153846153846,7.6767920777664251
-4.8067226890756301,2.1923076923076925,7.6980209970486806
-4.8067226890756301,2.5,7.7151970193470847
-4.6554621848739499,-9.5,6.4946264570212179e-09
-4.6554621848739499,-9.1923076923076916,1.6243964777965336e-08
-4.6554621848739499,-8.884615384615385,4.6568594193200507e-08
-4.6554621848739499,-8.5769230769230766,1.5028125169558253e-07
-4.6554621848739499,-8.2692307692307701,5.2495080187718985e-07
-4.6554621848739499,-7.9615384615384617,1.911164232145601e-06
-4.6554621848739499,-7.6538461538461542,7.0584400640417245e-06
-4.6554621848739499,-7.3461538461538458,2.5981500361663626e-05
-4.6554621848739499,-7.0384615384615383,9.412531264593083e-05
-4.6554621848739499,-6.7307692307692308,0.00033203978585551712
-4.6554621848739499,-6.4230769230769234,0.0011283654787549318
-4.6554621848739499,-6.115384615384615,0.0036509239089763529
-4.6554621848739499,-5.8076923076923075,0.011103923610360703
-4.6554621848739499,-5.5,0.031319448471753879
-4.6554621848739499,-5.1923076923076925,0.080859879987447841
-4.6554621848739499,-4.884615384615385,0.18896119078568205
-4.6554621848739499,-4.5769230769230766,0.39664111479117076
-4.6554621848739499,-4.2692307692307692,0.74570681361479108
-4.6554621848739499,-3.9615384615384617,1.2588818517162439
-4.6554621848739499,-3.6538461538461537,1.9227433449717228
-4.6554621848739499,-3.3461538461538463,2.6871069765047282
-4.6554621848739499,-3.0384615384615383,3.4824450986565578
-4.6554621848739499,-2.7307692307692308,4.2432858538708418
-4.6554621848739499,-2.4230769230769229,4.9241652724371594
-4.6554621848739499,-2.1153846153846154,5.5035057773196039
-4.6554621848739499,-1.8076923076923077,5.9789398764196049
-4.6554621848739499,-1.5,6.3597703134318966
-4.6554621848739499,-1.1923076923076923,6.6603819006828751
-4.6554621848739499,-0.88461538461538458,6.8959247896759184
-4.6554621848739499,-0.57692307692307687,7.0800849188833661
-4.6554621848739499,-0.26923076923076922,7.2242632608128927
-4.6554621848739499,0.038461538461538464,7.3375277096097973
-4.6554621848739499,0.34615384615384615,7.4269049675695378
-4.6554621848739499,0.65384615384615385,7.4977692575560129
-4.6554621848739499,0.96153846153846156,7.5542128295059054
-4.6554621848739499,1.2692307692307692,7.5993558891018473
-4.6554621848739499,1.5769230769230769,7.6355892128312606
-4.6554621848739499,1.8846153846153846,7.6647573383916283
-4.6554621848739499,2.1923076923076925,7.6882943307147844
-4.6554621848739499,2.5,7.7073236598142536
-4.5042016806722689,-9.5,3.7535839356793808e-09
-4.5042016806722689,-9.1923076923076916,8.9941530858894305e-09
-4.5042016806722689,-8.884615384615385,2.4668135293749706e-08
-4.5042016806722689,-8.5769230769230766,7.6927656497898508e-08
-4.5042016806722689,-8.2692307692307701,2.6343641679780689e-07
-4.5042016806722689,-7.9615384615384617,9.5174826950291279e-07
-4.5042016806722689,-7.6538461538461542,3.5181838218912177e-06
-4.5042016806722689,-7.3461538461538458,1.3041856054423782e-05
-4.5042016806722689,-7.0384615384615383,4.7831202832474859e-05
-4.5042016806722689,-6.7307692307692308,0.00017170982811272418
-4.5042016806722689,-6.4230769230769234,0.0005972520978222472
-4.5042016806722689,-6.115384615384615,0.0019907713748657237
-4.5042016806722689,-5.8076923076923075,0.0062813906095821413
-4.5042016806722689,-5.5,0.018511895702606848
-4.5042016806722689,-5.1923076923076925,0.050264200772407286
-4.5042016806722689,-4.884615384615385,0.12415841748675482
-4.5042016806722689,-4.5769230769230766,0.27623209814649152
-4.5042016806722689,-4.2692307692307692,0.55042642289170751
-4.5042016806722689,-3.9615384615384617,0.98204143450397685
-4.5042016806722689,-3.6538461538461537,1.5769676046101035
-4.5042016806722689,-3.3461538461538463,2.3015832203364157
-4.5042016806722689,-3.0384615384615383,3.0923585488269452
-4.5042016806722689,-2.7307692307692308,3.8786382000694481
-4.5042016806722689,-2.4230769230769229,4.6037008670274897
-4.5042016806722689,-2.1153846153846154,5.2344786369388334
-4.5042016806722689,-1.8076923076923077,5.7602255955774808
-4.5042016806722689,-1.5,6.18562538126519
-4.5042016806722689,-1.1923076923076923,6.5233787796595468
-4.5042016806722689,-0.88461538461538458,6.7887243782367168
-4.5042016806722689,-0.57692307692307687,6.9962707332318637
-4.5042016806722689,-0.26923076923076922,7.1585893381106205
-4.5042016806722689,0.038461538461538464,7.285866712221952
-4.5042016806722689,0.34615384615384615,7.3860773672592375
-4.5042016806722689,0.65384615384615385,7.4653494331386119
-4.5042016806722689,0.96153846153846156,7.5283543221284477
-4.5042016806722689,1.2692307692307692,7.578649210923234
-4.5042016806722689,1.5769230769230769,7.618952208900688
-4.5042016806722689,1.8846153846153846,7.6513530775374043
-4.5042016806722689,2.1923076923076925,7.6774704824311426
-4.5042016806722689,2.5,7.6985679319820317
-4.3529411764705879,-9.5,2.2144766480872513e-09
-4.3529411764705879,-9.1923076923076916,5.1052007930123053e-09
-4.3529411764705879,-8.884615384615385,1.3402576409347725e-08
-4.3529411764705879,-8.5769230769230766,4.0266434806331933e-08
-4.3529411764705879,-8.2692307692307701,1.3462665287076987e-07
-4.3529411764705879,-7.9615384615384617,4.8093174804763533e-07
-4.3529411764705879,-7.6538461538461542,1.7740703295987099e-06
-4.3529411764705879,-7.3461538461538458,6.6045450512140716e-06
-4.3529411764705879,-7.0384615384615383,2.4447484873427136e-05
-4.3529411764705879,-6.7307692307692308,8.9001010043310663e-05
-4.3529411764705879,-6.4230769230769234,0.00031554986532651751
-4.3529411764705879,-6.115384615384615,0.0010784209999430789
-4.3529411764705879,-5.8076923076923075,0.0035119485473096485
-4.3529411764705879,-5.5,0.010758296432821512
-4.3529411764705879,-5.1923076923076925,0.030576407200791526
-4.3529411764705879,-4.884615384615385,0.07953905876304615
-4.3529411764705879,-4.5769230769230766,0.18715905488979753
-4.3529411764705879,-4.2692307692307692,0.39510609524806051
-4.3529411764705879,-3.9615384615384617,0.7459475825998042
-4.3529411764705879,-3.6538461538461537,1.2626317568169132
-4.3529411764705879,-3.3461538461538463,1.9309986307117204
-4.3529411764705879,-3.0384615384615383,2.6995104886880741
-4.3529411764705879,-2.7307692307692308,3.4974976330956498
-4.3529411764705879,-2.4230769230769229,4.2591008007706002
-4.3529411764705879,-2.1153846153846154,4.939164969427571
-4.3529411764705879,-1.8076923076923077,5.5167330048721634
-4.3529411764705879,-1.5,5.9900271423026332
-4.3529411764705879,-1.1923076923076923,6.3687540433938699
-4.3529411764705879,-0.88461538461538458,6.6675088340321862
-4.3529411764705879,-0.57692307692307687,6.9015130802795026
-4.3529411764705879,-0.26923076923076922,7.0844455054592519
-4.3529411764705879,0.038461538461538464,7.2276651502739426
-4.3529411764705879,0.34615384615384615,7.3401889070980317
-4.3529411764705879,0.65384615384615385,7.4289957837076726
-4.3529411764705879,0.96153846153846156,7.4994201645290142
-4.3529411764705879,1.2692307692307692,7.5555229324330861
-4.3529411764705879,1.5769230769230769,7.6004003760062844
-4.3529411764705879,1.8846153846153846,7.6364253237890907
-4.3529411764705879,2.1923076923076925,7.665428915706288
-4.3529411764705879,2.5,7.6888351950987976
-4.2016806722689077,-9.5,1.3268726770810696e-09
-4.2016806722689077,-9.1923076923076916,2.9556090287064114e-09
-4.2016806722689077,-8.884615384615385,7.4372105241192334e-09
-4.2016806722689077,-8.5769230769230766,2.1475537571504006e-08
-4.2016806722689077,-8.2692307692307701,6.9822566483918343e-08
-4.2016806722689077,-7.9615384615384617,2.4574339194007835e-07
-4.2016806722689077,-7.6538461538461542,9.0204154903022463e-07
-4.2016806722689077,-7.3461538461538458,3.3643345332553122e-06
-4.2016806722689077,-7.0384615384615383,1.2538751301516496e-05
-4.2016806722689077,-6.7307692307692308,4.6163176177744463e-05
-4.2016806722689077,-6.4230769230769234,0.00016628808259868948
-4.2016806722689077,-6.115384615384615,0.00058045452637917863
-4.2016806722689077,-5.8076923076923075,0.0019424963907576274
-4.2016806722689077,-5.5,0.0061565568373155369
-4.2016806722689077,-5.1923076923076925,0.018232462414473096
-4.2016806722689077,-4.884615384615385,0.049753008173173033
-4.2016806722689077,-4.5769230769230766,0.12347862325074915
-4.2016806722689077,-4.2692307692307692,0.27584076043358446
-4.2016806722689077,-3.9615384615384617,0.55135364502244832
-4.2016806722689077,-3.6538461538461537,0.98566405696989146
-4.2016806722689077,-3.3461538461538463,1.5843217038552249
-4.2016806722689077,-3.0384615384615383,2.3126993761818189
-4.2016806722689077,-2.7307692307692308,3.1061825368781362
-4.2016806722689077,-2.4230769230769229,3.8935507114934804
-4.2016806722689077,-2.1153846153846154,4.6181758896869969
-4.2016806722689077,-1.8076923076923077,5.2474810517764778
-4.2016806722689077,-1.5,5.7712756263930727
-4.2016806722689077,-1.1923076923076923,6.19466583819165
-4.2016806722689077,-0.88461538461538458,6.5305959165070311
-4.2016806722689077,-0.57692307692307687,6.7944041460043492
-4.2016806722689077,-0.26923076923076922,7.0007103495199638
-4.2016806722689077,0.038461538461538464,7.1620542019626798
-4.2016806722689077,0.34615384615384615,7.288575873530716
-4.2016806722689077,0.65384615384615385,7.3882038107181556
-4.2016806722689077,0.96153846153846156,7.4670264870723724
-4.2016806722689077,1.2692307692307692,7.5296835594028035
-4.2016806722689077,1.5769230769230769,7.5797077605666674
-4.2016806722689077,1.8846153846153846,7.6197987738717368
-4.2016806722689077,2.1923076923076925,7.6520325994392859
-4.2016806722689077,2.5,7.6780176412882417
-4.0504201680672267,-9.5,8.0463581015703897e-10
-4.0504201680672267,-9.1923076923076916,1.7390409856299935e-09
-4.0504201680672267,-8.884615384615385,4.2033240765962071e-09
-4.0504201680672267,-8.5769230769230766,1.1647724829397345e-08
-4.0504201680672267,-8.2692307692307701,3.6687758290258828e-08
-4.0504201680672267,-7.9615384615384617,1.2674141180592542e-07
-4.0504201680672267,-7.6538461538461542,4.6160034998893908e-07
-4.0504201680672267,-7.3461538461538458,1.7208854540598396e-06
-4.0504201680672267,-7.0384615384615383,6.4440417588733169e-06
-4.0504201680672267,-6.7307692307692308,2.3938197160425312e-05
-4.0504201680672267,-6.4230769230769234,8.7374735313005154e-05
-4.0504201680672267,-6.115384615384615,0.00031051964477716871
-4.0504201680672267,-5.8076923076923075,0.0010638723056551056
-4.0504201680672267,-5.5,0.0034741171214156775
-4.0504201680672267,-5.1923076923076925,0.010674599485446381
-4.0504201680672267,-4.884615384615385,0.030434767867363217
-4.0504201680672267,-4.5769230769230766,0.079415542137183756
-4.0504201680672267,-4.2692307692307692,0.1873796895940075
-4.0504201680672267,-3.9615384615384617,0.39641177676868328
-4.0504201680672267,-3.6538461538461537,0.74943077279408088
-4.0504201680672267,-3.3461538461538463,1.2692832890335741
-4.0504201680672267,-3.0384615384615383,1.9410984685388517
-4.0504201680672267,-2.7307692307692308,2.7123645385792634
-4.0504201680672267,-2.4230769230769229,3.5117362297388257
-4.0504201680672267,-2.1153846153846154,4.2732590900836751
-4.0504201680672267,-1.8076923076923077,4.9521365181030514
-4.0504201680672267,-1.5,5.5279239671515343
-4.0504201680672267,-1.1923076923076923,5.9992819185119579
-4.0504201680672267,-0.88461538461538458,6.3761952764218428
-4.0504201680672267,-0.57692307692307687,6.6733901296024545
-4.0504201680672267,-0.26923076923076922,6.9061200720393909
-4.0504201680672267,0.038461538461538464,7.0880432270333023
-4.0504201680672267,0.34615384615384615,7.2304771334004938
-4.0504201680672267,0.65384615384615385,7.342393935715517
-4.0504201680672267,0.96153846153846156,7.430732656972598
-4.0504201680672267,1.2692307692307692,7.5007950044976504
-4.0504201680672267,1.5769230769230769,7.5566164101183482
-4.0504201680672267,1.8846153846153846,7.6012738449478423
-4.0504201680672267,2.1923076923076925,7.6371256506835827
-4.0504201680672267,2.5,7.6659921358825596
-3.8991596638655461,-9.5,4.9256711648897107e-10
-3.8991596638655461,-9.1923076923076916,1.0370747635463248e-09
-3.8991596638655461,-8.884615384615385,2.4145281892572248e-09
-3.8991596638655461,-8.5769230769230766,6.4171781695442316e-09
-3.8991596638655461,-8.2692307692307701,1.9515639205357614e-08
-3.8991596638655461,-7.9615384615384617,6.5920555547789864e-08
-3.8991596638655461,-7.6538461538461542,2.3749283658093718e-07
-3.8991596638655461,-7.3461538461538458,8.830075568636179e-07
-3.8991596638655461,-7.0384615384615383,3.3157800175992656e-06
-3.8991596638655461,-6.7307692307692308,1.2403887294831951e-05
-3.8991596638655461,-6.4230769230769234,4.5772010347426558e-05
-3.8991596638655461,-6.115384615384615,0.00016516608550645463
-3.8991596638655461,-5.8076923076923075,0.00057746381368595603
-3.8991596638655461,-5.5,0.0019357226471918955
-3.8991596638655461,-5.1923076923076925,0.00614617704795852
-3.8991596638655461,-4.884615384615385,0.018236384167710212
-3.8991596638655461,-4.5769230769230766,0.04985728635046386
-3.8991596638655461,-4.2692307692307692,0.12394521052626763
-3.8991596638655461,-3.9615384615384617,0.27724088497277005
-3.8991596638655461,-3.6538461538461537,0.55457975255696401
-3.8991596638655461,-3.3461538461538463,0.99164533287990519
-3.8991596638655461,-3.0384615384615383,1.5935084691358341
-3.8991596638655461,-2.7307692307692308,2.3246980986961976
-3.8991596638655461,-2.4230769230769229,3.1198613860935009
-3.8991596638655461,-2.1153846153846154,3.907515800682313
-3.8991596638655461,-1.8076923076923077,4.6312534814696908
-3.8991596638655461,-1.5,5.2589560505990658
-3.8991596638655461,-1.1923076923076923,5.7808826126935582
-3.8991596638655461,-0.88461538461538458,6.2024547941887924
-3.8991596638655461,-0.57692307692307687,6.5367836736150213
-3.8991596638655461,-0.26923076923076922,6.7992642447978211
-3.8991596638655461,0.038461538461538464,7.0045092703358307
-3.8991596638655461,0.34615384615384615,7.1650227182057975
-3.8991596638655461,0.65384615384615385,7.2909014237575409
-3.8991596638655461,0.96153846153846156,7.3900332056562874
-3.8991596638655461,1.2692307692307692,7.468472492251224
-3.8991596638655461,1.5769230769230769,7.5308320490559533
-3.8991596638655461,1.8846153846153846,7.5806240437627794
-3.8991596638655461,2.1923076923076925,7.6205326867615275
-3.8991596638655461,2.5,7.65262240322176
-3.7478991596638656,-9.5,3.0379337339732669e-10
-3.7478991596638656,-9.1923076923076916,6.2543710000097128e-10
-3.7478991596638656,-8.884615384615385,1.4072506801482628e-09
-3.7478991596638656,-8.5769230769230766,3.5886246952420486e-09
-3.7478991596638656,-8.2692307692307701,1.0507651148609328e-08
-3.7478991596638656,-7.9615384615384617,3.4569759271212568e-08
-3.7478991596638656,-7.6538461538461542,1.2279949088785614e-07
-3.7478991596638656,-7.3461538461538458,4.5426884239962076e-07
-3.7478991596638656,-7.0384615384615383,1.7074302904458774e-06
-3.7478991596638656,-6.7307692307692308,6.4208158368055561e-06
-3.7478991596638656,-6.4230769230769234,2.3907415381808719e-05
-3.7478991596638656,-6.115384615384615,8.7389412414876189e-05
-3.7478991596638656,-5.8076923076923075,0.00031091612771309271
-3.7478991596638656,-5.5,0.0010663109500655466
-3.7478991596638656,-5.1923076923076925,0.0034856497911793416
-3.7478991596638656,-4.884615384615385,0.010721269828160367
-3.7478991596638656,-4.5769230769230766,0.030598943230664373
-3.7478991596638656,-4.2692307692307692,0.079914370117366976
-3.7478991596638656,-3.9615384615384617,0.18867399313741287
-3.7478991596638656,-3.6538461538461537,0.39925363451682144
-3.7478991596638656,-3.3461538461538463,0.75469513825536205
-3.7478991596638656,-3.0384615384615383,1.2775505504137137
-3.7478991596638656,-2.7307692307692308,1.9522420523363642
-3.7478991596638656,-2.4230769230769229,2.7254928707703496
-3.7478991596638656,-2.1153846153846154,3.5255456922970225
-3.7478991596638656,-1.8076923076923077,4.2865174075156993
-3.7478991596638656,-1.5,4.963999040379365
-3.7478991596638656,-1.1923076923076923,5.5379989142220758
-3.7478991596638656,-0.88461538461538458,6.007531492675029
-3.7478991596638656,-0.57692307692307687,6.382790116029665
-3.7478991596638656,-0.26923076923076922,6.678587854520396
-3.7478991596638656,0.038461538461538464,6.9101885381604875
-3.7478991596638656,0.34615384615384615,7.0912222883795222
-3.7478991596638656,0.65384615384615385,7.2329653661150326
-3.7478991596638656,0.96153846153846156,7.3443486006852856
-3.7478991596638656,1.2692307692307692,7.4322752639038558
-3.7478991596638656,1.5769230769230769,7.5020183196379628
-3.7478991596638656,1.8846153846153846,7.5575910026101525
-3.7478991596638656,2.1923076923076925,7.6020535064695505
-3.7478991596638656,2.5,7.6377516141159063
-3.596638655462185,-9.5,1.8848517321089408e-10
-3.596638655462185,-9.1923076923076916,3.8073785695481347e-10
-3.596638655462185,-8.884615384615385,8.3085564900741793e-10
-3.596638655462185,-8.5769230769230766,2.0357328850272542e-09
-3.596638655462185,-8.2692307692307701,5.7273004490549722e-09
-3.596638655462185,-7.9615384615384617,1.8282835403249459e-08
-3.596638655462185,-7.6538461538461542,6.3812481083128423e-08
-3.596638655462185,-7.3461538461538458,2.3427527660296434e-07
-3.596638655462185,-7.0384615384615383,8.7973871143784324e-07
-3.596638655462185,-6.7307692307692308,3.3202126428364699e-06
-3.596638655462185,-6.4230769230769234,1.2452593370750471e-05
-3.596638655462185,-6.115384615384615,4.6016255605880545e-05
-3.596638655462185,-5.8076923076923075,0.00016619077810362391
-3.596638655462185,-5.5,0.00058141361783350606
-3.596638655462185,-5.1923076923076925,0.0019500142225526349
-3.596638655462185,-4.884615384615385,0.0061945961626026398
-3.596638655462185,-4.5769230769230766,0.018387899364281281
-3.596638655462185,-4.2692307692307692,0.050286912387717216
-3.596638655462185,-3.9615384615384617,0.12502672293136449
-3.596638655462185,-3.6538461538461537,0.27961493929253145
-3.596638655462185,-3.3461538461538463,0.55906997812740933
-3.596638655462185,-3.0384615384615383,0.99893561050520918
-3.596638655462185,-2.7307692307692308,1.6037206515963058
-3.596638655462185,-2.4230769230769229,2.3371973843197398
-3.596638655462185,-2.1153846153846154,3.1334690765990096
-3.596638655462185,-1.8076923076923077,3.9209623008159955
-3.596638655462185,-1.5,4.6435611605612692
-3.596638655462185,-1.1923076923076923,5.2695880572225384
-3.596638655462185,-0.88461538461538458,5.7896927704078109
-3.596638655462185,-0.57692307692307687,6.2095526135601133
-3.596638655462185,-0.26923076923076922,6.5424029563019177
-3.596638655462185,0.038461538461538464,6.8036716763087082
-3.596638655462185,0.34615384615384615,7.0079543438186516
-3.596638655462185,0.65384615384615385,7.1677170808287007
-3.596638655462185,0.96153846153846156,7.2930150599758328
-3.596638655462185,1.2692307692307692,7.391698477122306
-3.596638655462185,1.5769230769230769,7.4697908112842564
-3.596638655462185,1.8846153846153846,7.5318806148024766
-3.596638655462185,2.1923076923076925,7.5814616180737699
-3.596638655462185,2.5,7.6212041705203264
-3.4453781512605044,-9.5,1.1750079261853785e-10
-3.4453781512605044,-9.1923076923076916,2.3359111203657616e-10
-3.4453781512605044,-8.884615384615385,4.961918414606973e-10
-3.4453781512605044,-8.5769230769230766,1.170675548971507e-09
-3.4453781512605044,-8.2692307692307701,3.1610244021317454e-09
-3.4453781512605044,-7.9615384615384617,9.7563855374004572e-09
-3.4453781512605044,-7.6538461538461542,3.3336412783624048e-08
-3.4453781512605044,-7.3461538461538458,1.2112952772837346e-07
-3.4453781512605044,-7.0384615384615383,4.5355265048988941e-07
-3.4453781512605044,-6.7307692307692308,1.7152204170334976e-06
-3.4453781512605044,-6.4230769230769234,6.46975872063918e-06
-3.4453781512605044,-6.115384615384615,2.4126314086879612e-05
-3.4453781512605044,-5.8076923076923075,8.8259052188319296e-05
-3.4453781512605044,-5.5,0.00031414660440868208
-3.4453781512605044,-5.1923076923076925,0.0010776652437171014
-3.4453781512605044,-4.884615384615385,0.0035232729311149348
-3.4453781512605044,-4.5769230769230766,0.010837435053020796
-3.4453781512605044,-4.2692307692307692,0.030927702543927953
-3.4453781512605044,-3.9615384615384617,0.080751440806082195
-3.4453781512605044,-3.6538461538461537,0.19055728392884252
-3.4453781512605044,-3.3461538461538463,0.4029449874002477
-3.4453781512605044,-3.0384615384615383,0.76095070841444334
-3.4453781512605044,-2.7307692307692308,1.2867211404038665
-3.4453781512605044,-2.4230769230769229,1.9639715602315548
-3.4453781512605044,-2.1153846153846154,2.7387773636716779
-3.4453781512605044,-1.8076923076923077,3.5391178847876588
-3.4453781512605044,-1.5,4.2992752259391462
-3.4453781512605044,-1.1923076923076923,4.9752443397351476
-3.4453781512605044,-0.88461538461538458,5.5474527811140311
-3.4453781512605044,-0.57692307692307687,6.0152217703300668
-3.4453781512605044,-0.26923076923076922,6.3889140980446957
-3.4453781512605044,0.038461538461538464,6.683405326820548
-3.4453781512605044,0.34615384615384615,6.9139574245659583
-3.4453781512605044,0.65384615384615385,7.0941684207619087
-3.4453781512605044,0.96153846153846156,7.2352734403112446
-3.4453781512605044,1.2692307692307692,7.3461639144775379
-3.4453781512605044,1.5769230769230769,7.4337097216535906
-3.4453781512605044,1.8846153846153846,7.5031572720402639
-3.4453781512605044,2.1923076923076925,7.5584994153645315
-3.4453781512605044,2.5,7.602780980153149
-3.2941176470588234,-9.5,7.3528310721404967e-11
-3.2941176470588234,-9.1923076923076916,1.4424328463736755e-10
-3.2941176470588234,-8.884615384615385,2.9931599038593397e-10
-3.2941176470588234,-8.5769230769230766,6.8193284747492222e-10
-3.2941176470588234,-8.2692307692307701,1.7670124666423059e-09
-3.2941176470588234,-7.9615384615384617,5.2569759893543403e-09
-3.2941176470588234,-7.6538461538461542,1.7518068527494768e-08
-3.2941176470588234,-7.3461538461538458,6.2809105299886285e-08
-3.2941176470588234,-7.0384615384615383,2.3401431641765755e-07
-3.2941176470588234,-6.7307692307692308,8.8538065364532787e-07
-3.2941176470588234,-6.4230769230769234,3.3538514947951033e-06
-3.2941176470588234,-6.115384615384615,1.2601114905558415e-05
-3.2941176470588234,-5.8076923076923075,4.6603955048074398e-05
-3.2941176470588234,-5.5,0.00016837430782709519
-3.2941176470588234,-5.1923076923076925,0.0005891160464825216
-3.2941176470588234,-4.884615384615385,0.0019757356292036256
-3.2941176470588234,-4.5769230769230766,0.0062750754871707228
-3.2941176470588234,-4.2692307692307692,0.018620359772257934
-3.2941176470588234,-3.9615384615384617,0.050896087872313471
-3.2941176470588234,-3.6538461538461537,0.12644966542318059
-3.2941176470588234,-3.3461538461538463,0.28253264663656308
-3.2941176470588234,-3.0384615384615383,0.56426873495245644
-3.2941176470588234,-2.7307692307692308,1.0069614924619699
-3.2941176470588234,-2.4230769230769229,1.6145097129237009
-3.2941176470588234,-2.1153846153846154,2.349978109118295
-3.2941176470588234,-1.8076923076923077,3.1470362697992882
-3.2941176470588234,-1.5,3.9341167059340338
-3.2941176470588234,-1.1923076923076923,4.6554358045091595
-3.2941176470588234,-0.88461538461538458,5.2797463771699071
-3.2941176470588234,-0.57692307692307687,5.7980554824496613
-3.2941176470588234,-0.26923076923076922,6.2162625019421736
-3.2941176470588234,0.038461538461538464,6.5477032235543531
-3.2941176470588234,0.34615384615384615,6.8078250867608308
-3.2941176470588234,0.65384615384615385,7.0112008266714545
-3.2941176470588234,0.96153846153846156,7.1702575451067547
-3.2941176470588234,1.2692307692307692,7.2950097019828091
-3.2941176470588234,1.5769230769230769,7.3932715595715717
-3.2941176470588234,1.8846153846153846,7.4710373843147222
-3.2941176470588234,2.1923076923076925,7.5328730194790543
-3.2941176470588234,2.5,7.5822549619166315
-3.1428571428571428,-9.5,4.6151685541717398e-11
-3.1428571428571428,-9.1923076923076916,8.9547415858508053e-11
-3.1428571428571428,-8.884615384615385,1.8213232749669011e-10
-3.1428571428571428,-8.5769230769230766,4.020166605990813e-10
-3.1428571428571428,-8.2692307692307701,1.0005213704068623e-09
-3.1428571428571428,-7.9615384615384617,2.8623250193042726e-09
-3.1428571428571428,-7.6538461538461542,9.2670502018305513e-09
-3.1428571428571428,-7.3461538461538458,3.2678563178738094e-08
-3.1428571428571428,-7.0384615384615383,1.2087370704643649e-07
-3.1428571428571428,-6.7307692307692308,4.5678017541500632e-07
-3.1428571428571428,-6.4230769230769234,1.7352675235951395e-06
-3.1428571428571428,-6.115384615384615,6.5595007255399882e-06
-3.1428571428571428,-5.8076923076923075,2.4484857569344419e-05
-3.1428571428571428,-5.5,8.9604618574094485e-05
-3.1428571428571428,-5.1923076923076925,0.00031895280978852189
-3.1428571428571428,-4.884615384615385,0.0010939814228828149
-3.1428571428571428,-4.5769230769230766,0.0035754496951439815
-3.1428571428571428,-4.2692307692307692,0.010992487857160293
-3.1428571428571428,-3.9615384615384617,0.031348891281488538
-3.1428571428571428,-3.6538461538461537,0.081779156179397197
-3.1428571428571428,-3.3461538461538463,0.19277360699772664
-3.1428571428571428,-3.0384615384615383,0.40711779364711981
-3.1428571428571428,-2.7307692307692308,0.76776869936686576
-3.1428571428571428,-2.4230769230769229,1.2964041513880964
-3.1428571428571428,-2.1153846153846154,1.9760326096444425
-3.1428571428571428,-1.8076923076923077,2.7521488116740769
-3.1428571428571428,-1.5,3.552553632130619
-3.1428571428571428,-1.1923076923076923,4.3117476117445293
-3.1428571428571428,-0.88461538461538458,4.9861385445649402
-3.1428571428571428,-0.57692307692307687,5.5565538486827615
-3.1428571428571428,-0.26923076923076922,6.0225946009698692
-3.1428571428571428,0.038461538461538464,6.3947709427229737
-3.1428571428571428,0.34615384615384615,6.6880070963133047
-3.1428571428571428,0.65384615384615385,6.9175563591699776
-3.1428571428571428,0.96153846153846156,7.0969823833478998
-3.1428571428571428,1.2692307692307692,7.2374792548477753
-3.1428571428571428,1.5769230769230769,7.3479000988599044
-3.1428571428571428,1.8846153846153846,7.4350827338600745
-3.1428571428571428,2.1923076923076925,7.5042482463435576
-3.1428571428571428,2.5,7.5593701057300571
-2.9915966386554622,-9.5,2.9038547647632338e-11
-2.9915966386554622,-9.1923076923076916,5.5836034440298e-11
-2.9915966386554622,-8.884615384615385,1.1165616672294529e-10
-2.9915966386554622,-8.5769230769230766,2.3960740143561534e-10
-2.9915966386554622,-8.2692307692307701,5.7377132906089689e-10
-2.9915966386554622,-7.9615384615384617,1.576011856919578e-09
-2.9915966386554622,-7.6538461538461542,4.9394523279209644e-09
-2.9915966386554622,-7.3461538461538458,1.7071035735123152e-08
-2.9915966386554622,-7.0384615384615383,6.2528863783527191e-08
-2.9915966386554622,-6.7307692307692308,2.3560851984202805e-07
-2.9915966386554622,-6.4230769230769234,8.9640546971793024e-07
-2.9915966386554622,-6.115384615384615,3.4046645858498467e-06
-2.9915966386554622,-5.8076923076923075,1.2807399514645392e-05
-2.9915966386554622,-5.5,4.738876025756609e-05
-2.9915966386554622,-5.1923076923076925,0.00017122039568088419
-2.9915966386554622,-4.884615384615385,0.00059896156815853407
-2.9915966386554622,-4.5769230769230766,0.0020079868318112451
-2.9915966386554622,-4.2692307692307692,0.0063738929893624192
-2.9915966386554622,-3.9615384615384617,0.018899197531342823
-2.9915966386554622,-3.6538461538461537,0.051608317230940587
-2.9915966386554622,-3.3461538461538463,0.12806886967226019
-2.9915966386554622,-3.0384615384615383,0.28576314289112148
-2.9915966386554622,-2.7307692307692308,0.5698751532632873
-2.9915966386554622,-2.4230769230769229,1.0154101293488886
-2.9915966386554622,-2.1153846153846154,1.6256293301592157
-2.9915966386554622,-1.8076923076923077,2.3629186849234931
-2.9915966386554622,-1.5,3.1605779610130957
-2.9915966386554622,-1.1923076923076923,3.9471012924697657
-2.9915966386554622,-0.88461538461538458,4.667060209858402
-2.9915966386554622,-0.57692307692307687,5.2896316602442646
-2.9915966386554622,-0.26923076923076922,5.8061606357071973
-2.9915966386554622,0.038461538461538464,6.222749254478062
-2.9915966386554622,0.34615384615384615,6.5528200546047435
-2.9915966386554622,0.65384615384615385,6.8118324382344904
-2.9915966386554622,0.96153846153846156,7.0143331030768401
-2.9915966386554622,1.2692307692307692,7.1727094789812487
-2.9915966386554622,1.5769230769230769,7.2969358708047256
-2.9915966386554622,1.8846153846153846,7.394791585837841
-2.9915966386554622,2.1923076923076925,7.472242686611219
-2.9915966386554622,2.5,7.5338331892875425
-2.8403361344537816,-9.5,1.83064665590449e-11
-2.8403361344537816,-9.1923076923076916,3.4940818793287551e-11
-2.8403361344537816,-8.884615384615385,6.8885296044692613e-11
-2.8403361344537816,-8.5769230769230766,1.4422199015648848e-10
-2.8403361344537816,-8.2692307692307701,3.3313702063553523e-10
-2.8403361344537816,-7.9615384615384617,8.7806452212542088e-10
-2.8403361344537816,-7.6538461538461542,2.6553816854000377e-09
-2.8403361344537816,-7.3461538461538458,8.9611569423793682e-09
-2.8403361344537816,-7.0384615384615383,3.2413135174882446e-08
-2.8403361344537816,-6.7307692307692308,1.215477658551801e-07
-2.8403361344537816,-6.4230769230769234,4.6250257665457705e-07
-2.8403361344537816,-6.115384615384615,1.7628253217061107e-06
-2.8403361344537816,-5.8076923076923075,6.6737170308726569e-06
-2.8403361344537816,-5.5,2.4926150821221944e-05
-2.8403361344537816,-5.1923076923076925,9.1230412407624061e-05
-2.8403361344537816,-4.884615384615385,0.00032468400998392368
-2.8403361344537816,-4.5769230769230766,0.001113206894008623
-2.8403361344537816,-4.2692307692307692,0.0036361578062643544
-2.8403361344537816,-3.9615384615384617,0.011170342399958986
-2.8403361344537816,-3.6538461538461537,0.031824296511046915
-2.8403361344537816,-3.3461538461538463,0.08291872167836993
-2.8403361344537816,-3.0384615384615383,0.19518527363873495
-2.8403361344537816,-2.7307692307692308,0.41157274610046352
-2.8403361344537816,-2.4230769230769229,0.77491568587941173
-2.8403361344537816,-2.1153846153846154,1.3063859525407493
-2.8403361344537816,-1.8076923076923077,1.9882857218895362
-2.8403361344537816,-1.5,2.7655688657845978
-2.8403361344537816,-1.1923076923076923,3.5659075513892233
-2.8403361344537816,-0.88461538461538458,4.3240516177067576
-2.8403361344537816,-0.57692307692307687,4.9968265801359859
-2.8403361344537816,-0.26923076923076922,5.5654482029967367
-2.8403361344537816,0.038461538461538464,6.0297816532262525
-2.8403361344537816,0.34615384615384615,6.4004715441761393
-2.8403361344537816,0.65384615384615385,6.6924827298948797
-2.8403361344537816,0.96153846153846156,6.9210559026691154
-2.8403361344537816,1.2692307692307692,7.0997190275740589
-2.8403361344537816,1.5769230769230769,7.2396252195413267
-2.8403361344537816,1.8846153846153846,7.3495899362563044
-2.8403361344537816,2.1923076923076925,7.4364197085250918
-2.8403361344537816,2.5,7.5053110070372773
-2.6890756302521011,-9.5,1.1558640009803515e-11
-2.6890756302521011,-9.1923076923076916,2.1929045242828769e-11
-2.6890756302521011,-8.884615384615385,4.2724819942606247e-11
-2.6890756302521011,-8.5769230769230766,8.7567927822977217e-11
-2.6890756302521011,-8.2692307692307701,1.9571353241607824e-10
-2.6890756302521011,-7.9615384615384617,4.9522381820631316e-10
-2.6890756302521011,-7.6538461538461542,1.4411893169990693e-09
-2.6890756302521011,-7.3461538461538458,4.7312868787396889e-09
-2.6890756302521011,-7.0384615384615383,1.6847406677134585e-08
-2.6890756302521011,-6.7307692307692308,6.2743326412699452e-08
-2.6890756302521011,-6.4230769230769234,2.3842911188662586e-07
-2.6890756302521011,-6.115384615384615,9.1087240424316928e-07
-2.6890756302521011,-5.8076923076923075,3.4661854348627059e-06
-2.6890756302521011,-5.5,1.3049125292704253e-05
-2.6890756302521011,-5.1923076923076925,4.8293410977018977e-05
-2.6890756302521011,-4.884615384615385,0.00017446739813853961
-2.6890756302521011,-4.5769230769230766,0.00061010063053729905
-2.6890756302521011,-4.2692307692307692,0.0020441741132055714
-2.6890756302521011,-3.9615384615384617,0.0064837558551709539
-2.6890756302521011,-3.6538461538461537,0.01920595131852261
-2.6890756302521011,-3.3461538461538463,0.052382530574097183
-2.6890756302521011,-3.0384615384615383,0.12980598773919302
-2.6890756302521011,-2.7307692307692308,0.28918124983128507
-2.6890756302521011,-2.4230769230769229,0.57572550195034933
-2.6890756302521011,-2.1153846153846154,1.0241108602970526
-2.6890756302521011,-1.8076923076923077,1.6369449751771972
-2.6890756302521011,-1.5,2.3759527107406524
-2.6890756302521011,-1.1923076923076923,3.1741023935791026
-2.6890756302521011,-0.88461538461538458,3.9599828785320761
-2.6890756302521011,-0.57692307692307687,4.6785341718147055
-2.6890756302521011,-0.26923076923076922,5.2993533732661042
-2.6890756302521011,0.038461538461538464,5.8141117741417681
-2.6890756302521011,0.34615384615384615,6.2291027054842179
-2.6890756302521011,0.65384615384615385,6.5578273478278666
-2.6890756302521011,0.96153846153846156,6.8157525774682171
-2.6890756302521011,1.2692307692307692,7.0173971750111992
-2.6890756302521011,1.5769230769230769,7.175108526893176
-2.6890756302521011,1.8846153846153846,7.2988211245274881
-2.6890756302521011,2.1923076923076925,7.3962799080431205
-2.6890756302521011,2.5,7.4734233365034761
-2.53781512605042,-9.5,7.3071113026849167e-12
-2.53781512605042,-9.1923076923076916,1.3795442188547889e-11
-2.53781512605042,-8.884615384615385,2.6617006187152849e-11
-2.53781512605042,-8.5769230769230766,5.3574074205354833e-11
-2.53781512605042,-8.2692307692307701,1.1624809652060514e-10
-2.53781512605042,-7.9615384615384617,2.827838543111916e-10
-2.53781512605042,-7.6538461538461542,7.9044268498822796e-10
-2.53781512605042,-7.3461538461538458,2.5150717162746493e-09
-2.53781512605042,-7.0384615384615383,8.7870549118989357e-09
-2.53781512605042,-6.7307692307692308,3.2424518075189989e-08
-2.53781512605042,-6.4230769230769234,1.2286071001906069e-07
-2.53781512605042,-6.115384615384615,4.6988846240269308e-07
-2.53781512605042,-5.8076923076923075,1.7952600538519093e-06
-2.53781512605042,-5.5,6.8035299570030293e-06
-2.53781512605042,-5.1923076923076925,2.5419577967097415e-05
-2.53781512605042,-4.884615384615385,9.3031616252324463e-05
-2.53781512605042,-4.5769230769230766,0.00033099211496556333
-2.53781512605042,-4.2692307692307692,0.0011342428846950775
-2.53781512605042,-3.9615384615384617,0.003702167017415508
-2.53781512605042,-3.6538461538461537,0.011362346004359187
-2.53781512605042,-3.3461538461538463,0.032333295102973503
-2.53781512605042,-3.0384615384615383,0.084127467455517704
-2.53781512605042,-2.7307692307692308,0.1977174888377313
-2.53781512605042,-2.4230769230769229,0.41620131400378968
-2.53781512605042,-2.1153846153846154,0.78226437094896728
-2.53781512605042,-1.8076923076923077,1.3165500037956475
-2.53781512605042,-1.5,2.0006549073204192
-2.53781512605042,-1.1923076923076923,2.7790168337958217
-2.53781512605042,-0.88461538461538458,3.5792097181619962
-2.53781512605042,-0.57692307692307687,4.3362513430148875
-2.53781512605042,-0.26923076923076922,5.0073876730945504
-2.53781512605042,0.038461538461538464,5.5742156320246972
-2.53781512605042,0.34615384615384615,6.0368548036541059
-2.53781512605042,0.65384615384615385,6.4060764240841435
-2.53781512605042,0.96153846153846156,6.6968811085319206
-2.53781512605042,1.2692307692307692,6.9244945689670345
-2.53781512605042,1.5769230769230769,7.1024083018325106
-2.53781512605042,1.8846153846153846,7.2417345031314229
-2.53781512605042,2.1923076923076925,7.3512513613475949
-2.53781512605042,2.5,7.4377346034896963
-2.3865546218487395,-9.5,4.6239476142577076e-12
-2.3865546218487395,-9.1923076923076916,8.6952966127858523e-12
-2.3865546218487395,-8.884615384615385,1.6642982353743262e-11
-2.3865546218487395,-8.5769230769230766,3.299115249684977e-11
-2.3865546218487395,-8.2692307692307701,6.9743677765953963e-11
-2.3865546218487395,-7.9615384615384617,1.6346748677192501e-10
-2.3865546218487395,-7.6538461538461542,4.3845545283872137e-10
-2.3865546218487395,-7.3461538461538458,1.3475574473574825e-09
-2.3865546218487395,-7.0384615384615383,4.6028288217865832e-09
-2.3865546218487395,-6.7307692307692308,1.6784846678022321e-08
-2.3865546218487395,-6.4230769230769234,6.3308284065644231e-08
-2.3865546218487395,-6.115384615384615,2.4209881532576815e-07
-2.3865546218487395,-5.8076923076923075,9.2766668092810456e-07
-2.3865546218487395,-5.5,3.5348090531698184e-06
-2.3865546218487395,-5.1923076923076925,1.3314062346863354e-05
-2.3865546218487395,-4.884615384615385,4.9275954634614602e-05
-2.3865546218487395,-4.5769230769230766,0.0001779738119936133
-2.3865546218487395,-4.2692307692307692,0.00062207434422392825
-2.3865546218487395,-3.9615384615384617,0.0020828959580966038
-2.3865546218487395,-3.6538461538461537,0.0066007182086341171
-2.3865546218487395,-3.3461538461538463,0.019530613694175237
-2.3865546218487395,-3.0384615384615383,0.053196418420599328
-2.3865546218487395,-2.7307692307692308,0.13161837626312739
-2.3865546218487395,-2.4230769230769229,0.29271872957180844
-2.3865546218487395,-2.1153846153846154,0.5817304506957216
-2.3865546218487395,-1.8076923076923077,1.0329705803432425
-2.3865546218487395,-1.5,1.6483833567627324
-2.3865546218487395,-1.1923076923076923,2.3890441940336515
-2.3865546218487395,-0.88461538461538458,3.1876143724630048
-2.3865546218487395,-0.57692307692307687,3.9727982163336204
-2.3865546218487395,-0.26923076923076922,4.6899123730326133
-2.3865546218487395,0.038461538461538464,5.3089714059168562
-2.3865546218487395,0.34615384615384615,5.8219655023260728
-2.3865546218487395,0.65384615384615385,6.2353719466184003
-2.3865546218487395,0.96153846153846156,6.5627654825930408
-2.3865546218487395,1.2692307692307692,6.8196176619318578
-2.3865546218487395,1.5769230769230769,7.0204181833390296
-2.3865546218487395,1.8846153846153846,7.1774741642094462
-2.3865546218487395,2.1923076923076925,7.3006804953371267
-2.3865546218487395,2.5,7.3977481064789501
-2.2352941176470589,-9.5,2.9283403145720416e-12
-2.2352941176470589,-9.1923076923076916,5.4891542924289499e-12
-2.2352941176470589,-8.884615384615385,1.0437896335146018e-11
-2.2352941176470589,-8.5769230769230766,2.0428972139262265e-11
-2.2352941176470589,-8.2692307692307701,4.2220698134816804e-11
-2.2352941176470589,-7.9615384615384617,9.5621359518586711e-11
-2.2352941176470589,-7.6538461538461542,2.4611992175886467e-10
-2.2352941176470589,-7.3461538461538458,7.2852333307316367e-10
-2.2352941176470589,-7.0384615384615383,2.4237827273449525e-09
-2.2352941176470589,-6.7307692307692308,8.7093670495112314e-09
-2.2352941176470589,-6.4230769230769234,3.2636435228551914e-08
-2.2352941176470589,-6.115384615384615,1.2462979389334404e-07
-2.2352941176470589,-5.8076923076923075,4.7844151972874987e-07
-2.2352941176470589,-5.5,1.8310617848618719e-06
-2.2352941176470589,-5.1923076923076925,6.9439820925830151e-06
-2.2352941176470589,-4.884615384615385,2.5948295055108478e-05
-2.2352941176470589,-4.5769230769230766,9.4950999845579991e-05
-2.2352941176470589,-4.2692307692307692,0.00033768772740018683
-2.2352941176470589,-3.9615384615384617,0.001156492260307492
-2.2352941176470589,-3.6538461538461537,0.0037717216814977875
-2.2352941176470589,-3.3461538461538463,0.011563792167187035
-2.2352941176470589,-3.0384615384615383,0.032864656589180467
-2.2352941176470589,-2.7307692307692308,0.085382129831446718
-2.2352941176470589,-2.4230769230769229,0.20032943538530687
-2.2352941176470589,-2.1153846153846154,0.42094424172074668
-2.2352941176470589,-1.8076923076923077,0.78974526801936995
-2.2352941176470589,-1.5,1.3268327667521831
-2.2352941176470589,-1.1923076923076923,2.0130988708493263
-2.2352941176470589,-0.88461538461538458,2.792481682355366
-2.2352941176470589,-0.57692307692307687,3.5924768234546232
-2.2352941176470589,-0.26923076923076922,4.3483820123966082
-2.2352941176470589,0.038461538461538464,5.0178652499330587
-2.2352941176470589,0.34615384615384615,5.5828998198841653
-2.2352941176470589,0.65384615384615385,6.0438533842838229
-2.2352941176470589,0.96153846153846156,6.411618696321546
-2.2352941176470589,1.2692307692307692,6.7012289812230597
-2.2352941176470589,1.5769230769230769,6.9278934441541882
-2.2352941176470589,1.8846153846153846,7.1050666205996276
-2.2352941176470589,2.1923076923076925,7.2438198369767459
-2.2352941176470589,2.5,7.3528942887920863
-2.0840336134453783,-9.5,1.8556770123211096e-12
-2.0840336134453783,-9.1923076923076916,3.4695084495058591e-12
-2.0840336134453783,-8.884615384615385,6.5624537805155982e-12
-2.0840336134453783,-8.5769230769230766,1.270919104024257e-11
-2.0840336134453783,-8.2692307692307701,2.5762133763331281e-11
-2.0840336134453783,-7.9615384615384617,5.6563954830698118e-11
-2.0840336134453783,-7.6538461538461542,1.3985561139874999e-10
-2.0840336134453783,-7.3461538461538458,3.9782237732879209e-10
-2.0840336134453783,-7.0384615384615383,1.2844074048849274e-09
-2.0840336134453783,-6.7307692307692308,4.5332226563599169e-09
-2.0840336134453783,-6.4230769230769234,1.684071557643201e-08
-2.0840336134453783,-6.115384615384615,6.4129186477810112e-08
-2.0840336134453783,-5.8076923076923075,2.4638280265417886e-07
-2.0840336134453783,-5.5,9.4612785710703243e-07
-2.0840336134453783,-5.1923076923076925,3.6084769933308262e-06
-2.0840336134453783,-4.884615384615385,1.3595385868527131e-05
-2.0840336134453783,-4.5769230769230766,5.031327508736473e-05
-2.0840336134453783,-4.2692307692307692,0.00018166217037351025
-2.0840336134453783,-3.9615384615384617,0.00063463223799905557
-2.0840336134453783,-3.6538461538461537,0.0021233882335487436
-2.0840336134453783,-3.3461538461538463,0.0067226288386357871
-2.0840336134453783,-3.0384615384615383,0.019867726278601932
-2.0840336134453783,-2.7307692307692308,0.054037804341197572
-2.0840336134453783,-2.4230769230769229,0.13348274656075104
-2.0840336134453783,-2.1153846153846154,0.29633830386451848
-2.0840336134453783,-1.8076923076923077,0.58784120721069033
-2.0840336134453783,-1.5,1.041938481012765
-2.0840336134453783,-1.1923076923076923,1.6599045654369264
-2.0840336134453783,-0.88461538461538458,2.4021736667413784
-2.0840336134453783,-0.57692307692307687,3.2011167411125965
-2.0840336134453783,-0.26923076923076922,3.9855675845918075
-2.0840336134453783,0.038461538461538464,4.7012248498047189
-2.0840336134453783,0.34615384615384615,5.3185186011495169
-2.0840336134453783,0.65384615384615385,5.8297528398775826
-2.0840336134453783,0.96153846153846156,6.241583874196321
-2.0840336134453783,1.2692307692307692,6.5676565829245028
-2.0840336134453783,1.5769230769230769,6.8234453133494561
-2.0840336134453783,1.8846153846153846,7.0234099042173872
-2.0840336134453783,2.1923076923076925,7.1798170551324292
-2.0840336134453783,2.5,7.3025222001245016
-1.9327731092436975,-9.5,1.1765223458868657e-12
-1.9327731092436975,-9.1923076923076916,2.1951582809973639e-12
-1.9327731092436975,-8.884615384615385,4.1342061901031954e-12
-1.9327731092436975,-8.5769230769230766,7.9373218104863356e-12
-1.9327731092436975,-8.2692307692307701,1.5827685503612524e-11
-1.9327731092436975,-7.9615384615384617,3.3807694050296062e-11
-1.9327731092436975,-7.6538461538461542,8.0452791867906055e-11
-1.9327731092436975,-7.3461538461538458,2.1962490225396222e-10
-1.9327731092436975,-7.0384615384615383,6.8569386379435043e-10
-1.9327731092436975,-6.7307692307692308,2.3688913613375857e-09
-1.9327731092436975,-6.4230769230769234,8.7032218077379072e-09
-1.9327731092436975,-6.115384615384615,3.2996992481726958e-08
-1.9327731092436975,-5.8076923076923075,1.2673640569661767e-07
-1.9327731092436975,-5.5,4.8785640357115374e-07
-1.9327731092436975,-5.1923076923076925,1.8693443238057469e-06
-1.9327731092436975,-4.884615384615385,7.09225881638332e-06
-1.9327731092436975,-4.5769230769230766,2.6502927167013966e-05
-1.9327731092436975,-4.2692307692307692,9.6957052345297991e-05
-1.9327731092436975,-3.9615384615384617,0.00034466713298070544
-1.9327731092436975,-3.6538461538461537,0.0011796288503460983
-1.9327731092436975,-3.3461538461538463,0.0038438637014617315
-1.9327731092436975,-3.0384615384615383,0.011772112607701937
-1.9327731092436975,-2.7307692307692308,0.03341225045521793
-1.9327731092436975,-2.4230769230769229,0.086670003479600188
-1.9327731092436975,-2.1153846153846154,0.20299881304297354
-1.9327731092436975,-1.8076923076923077,0.42576915365028456
-1.9327731092436975,-1.5,0.79732042890001242
-1.9327731092436975,-1.1923076923076923,1.3371995858468186
-1.9327731092436975,-0.88461538461538458,2.0255951628114288
-1.9327731092436975,-0.57692307692307687,2.8059575335011639
-1.9327731092436975,-0.26923076923076922,3.6057181471720225
-1.9327731092436975,0.038461538461538464,4.360463020526316
-1.9327731092436975,0.34615384615384615,5.0282831661293832
-1.9327731092436975,0.65384615384615385,5.591524742774368
-1.9327731092436975,0.96153846153846156,6.0507989772813495
-1.9327731092436975,1.2692307692307692,6.4171165332981408
-1.9327731092436975,1.5769230769230769,6.7055410331715892
-1.9327731092436975,1.8846153846153846,6.9312641109487725
-1.9327731092436975,2.1923076923076925,7.1077030034208954
-1.9327731092436975,2.5,7.2458882054912515
-1.7815126050420169,-9.5,7.4622679919896455e-13
-1.7815126050420169,-9.1923076923076916,1.3899952093300876e-12
-1.7815126050420169,-8.884615384615385,2.6087117540898935e-12
-1.7815126050420169,-8.5769230769230766,4.9730517379311488e-12
-1.7815126050420169,-8.2692307692307701,9.7814069380965595e-12
-1.7815126050420169,-7.9615384615384617,2.0396482856545108e-11
-1.7815126050420169,-7.6538461538461542,4.6839852691476723e-11
-1.7815126050420169,-7.3461538461538458,1.2266877128360174e-10
-1.7815126050420169,-7.0384615384615383,3.6920030931485872e-10
-1.7815126050420169,-6.7307692307692308,1.2439637160279134e-09
-1.7815126050420169,-6.4230769230769234,4.507516799986634e-09
-1.7815126050420169,-6.115384615384615,1.6985151412090411e-08
-1.7815126050420169,-5.8076923076923075,6.5142292616636772e-08
-1.7815126050420169,-5.5,2.51130668925056e-07
-1.7815126050420169,-5.1923076923076925,9.6585514629042437e-07
-1.7815126050420169,-4.884615384615385,3.6859941788662955e-06
-1.7815126050420169,-4.5769230769230766,1.3889248984778772e-05
-1.7815126050420169,-4.2692307692307692,5.1392564534189136e-05
-1.7815126050420169,-3.9615384615384617,0.00018548994196975415
-1.7815126050420169,-3.6538461538461537,0.00064763741591409001
-1.7815126050420169,-3.3461538461538463,0.0021652341226833633
-1.7815126050420169,-3.0384615384615383,0.006848314989545903
-1.7815126050420169,-2.7307692307692308,0.020214312861016215
-1.7815126050420169,-2.4230769230769229,0.054900045495583458
-1.7815126050420169,-2.1153846153846154,0.13538638555170285
-1.7815126050420169,-1.8076923076923077,0.30001961283656431
-1.7815126050420169,-1.5,0.59403111867125935
-1.7815126050420169,-1.1923076923076923,1.0509868184466571
-1.7815126050420169,-0.88461538461538458,1.6714868393568207
-1.7815126050420169,-0.57692307692307687,2.4153305694663358
-1.7815126050420169,-0.26923076923076922,3.214611156966213
-1.7815126050420169,0.038461538461538464,3.9983021793120495
-1.7815126050420169,0.34615384615384615,4.7124881297020575
-1.7815126050420169,0.65384615384615385,5.328013013240648
-1.7815126050420169,0.96153846153846156,5.8374908351117281
-1.7815126050420169,1.2692307692307692,6.2477532733723686
-1.7815126050420169,1.5769230769230769,6.572512817390975
-1.7815126050420169,1.8846153846153846,6.8272452352080126
-1.7815126050420169,2.1923076923076925,7.0263799454376716
-1.7815126050420169,2.5,7.1821431369546529
-1.6302521008403361,-9.5,4.7345560993961749e-13
-1.6302521008403361,-9.1923076923076916,8.8072660262530797e-13
-1.6302521008403361,-8.884615384615385,1.6482873893607542e-12
-1.6302521008403361,-8.5769230769230766,3.1240389235192763e-12
-1.6302521008403361,-8.2692307692307701,6.0749078111406373e-12
-1.6302521008403361,-7.9615384615384617,1.2408067100793726e-11
-1.6302521008403361,-7.6538461538461542,2.7584685545540716e-11
-1.6302521008403361,-7.3461538461538458,6.9350546519609777e-11
-1.6302521008403361,-7.0384615384615383,2.00709892515045e-10
-1.6302521008403361,-6.7307692307692308,6.5711057830168727e-10
-1.6302521008403361,-6.4230769230769234,2.34122571575038e-09
-1.6302521008403361,-6.115384615384615,8.7508305395615943e-09
-1.6302521008403361,-5.8076923076923075,3.3470104029207537e-08
-1.6302521008403361,-5.5,1.2910158092184978e-07
-1.6302521008403361,-5.1923076923076925,4.9794065375229751e-07
-1.6302521008403361,-4.884615384615385,1.9095781814154754e-06
-1.6302521008403361,-4.5769230769230766,7.2467461093715373e-06
-1.6302521008403361,-4.2692307692307692,2.7078237317167729e-05
-1.6302521008403361,-3.9615384615384617,9.9032428948801741e-05
-1.6302521008403361,-3.6538461538461537,0.00035187367591013819
-1.6302521008403361,-3.3461538461538463,0.0012034751073071678
-1.6302521008403361,-3.0384615384615383,0.0039180722056297215
-1.6302521008403361,-2.7307692307692308,0.011985911047488577
-1.6302521008403361,-2.4230769230769229,0.033972741307845597
-1.6302521008403361,-2.1153846153846154,0.087984168327046433
-1.6302521008403361,-1.8076923076923077,0.20571346149976458
-1.6302521008403361,-1.5,0.43065837712403399
-1.6302521008403361,-1.1923076923076923,0.80496912454807512
-1.6302521008403361,-0.88461538461538458,1.347631528294299
-1.6302521008403361,-0.57692307692307687,2.0381315335301582
-1.6302521008403361,-0.26923076923076922,2.8194412181998949
-1.6302521008403361,0.038461538461538464,3.6189388293043923
-1.6302521008403361,0.34615384615384615,4.3725050532846783
-1.6302521008403361,0.65384615384615385,5.0386545539185406
-1.6302521008403361,0.96153846153846156,5.6001035989480821
-1.6302521008403361,1.2692307692307692,6.0577034662662133
-1.6302521008403361,1.5769230769230769,6.4225799436726865
-1.6302521008403361,1.8846153846153846,6.7098253488968274
-1.6302521008403361,2.1923076923076925,6.934612926893216
-1.6302521008403361,2.5,7.1103223503713
-1.4789915966386555,-9.5,3.0046745373567818e-13
-1.4789915966386555,-9.1923076923076916,5.5833334004141319e-13
-1.4789915966386555,-8.884615384615385,1.0425626297408765e-12
-1.4789915966386555,-8.5769230769230766,1.9667328827322639e-12
-1.4789915966386555,-8.2692307692307701,3.7886236294246385e-12
-1.4789915966386555,-7.9615384615384617,7.6033487018964319e-12
-1.4789915966386555,-7.6538461538461542,1.6419692018338484e-11
-1.4789915966386555,-7.3461538461538458,3.9692139127407839e-11
-1.4789915966386555,-7.0384615384615383,1.1027514365322487e-10
-1.4789915966386555,-6.7307692307692308,3.4955021221444806e-10
-1.4789915966386555,-6.4230769230769234,1.220525915245781e-09
-1.4789915966386555,-6.115384615384615,4.5148611687295882e-09
-1.4789915966386555,-5.8076923076923075,1.7196901481212897e-08
-1.4789915966386555,-5.5,6.6303733578934361e-08
-1.4789915966386555,-5.1923076923076925,2.562438606862149e-07
-1.4789915966386555,-4.884615384615385,9.8660060645637276e-07
-1.4789915966386555,-4.5769230769230766,3.766658959378388e-06
-1.4789915966386555,-4.2692307692307692,1.419347702251453e-05
-1.4789915966386555,-3.9615384615384617,5.2506748007766501e-05
-1.4789915966386555,-3.6538461538461537,0.00018943392534537406
-1.4789915966386555,-3.3461538461538463,0.0006610156527726102
-1.4789915966386555,-3.0384615384615383,0.0022082081654117187
-1.4789915966386555,-2.7307692307692308,0.0069771424650754222
-1.4789915966386555,-2.4230769230769229,0.020568762343966023
-1.4789915966386555,-2.1153846153846154,0.055779539612533152
-1.4789915966386555,-1.8076923076923077,0.13732238445975764
-1.4789915966386555,-1.5,0.3037515675511866
-1.4789915966386555,-1.1923076923076923,0.60028563857705775
-1.4789915966386555,-0.88461538461538458,1.0601004241528544
-1.4789915966386555,-0.57692307692307687,1.6831182656639503
-1.4789915966386555,-0.26923076923076922,2.4285091212936551
-1.4789915966386555,0.038461538461538464,3.2280985433541005
-1.4789915966386555,0.34615384615384615,4.0110081683880914
-1.4789915966386555,0.65384615384615385,4.7237113188488804
-1.4789915966386555,0.96153846153846156,5.3374645959268241
-1.4789915966386555,1.2692307692307692,5.8451888955839566
-1.4789915966386555,1.5769230769230769,6.253888313215775
-1.4789915966386555,1.8846153846153846,6.5773409241052132
-1.4789915966386555,2.1923076923076925,6.8310228253463299
-1.4789915966386555,2.5,7.0293325817696282
-1.3277310924369747,-9.5,1.9072300559713436e-13
-1.3277310924369747,-9.1923076923076916,3.5409994636916295e-13
-1.3277310924369747,-8.884615384615385,6.5999981233264235e-13
-1.3277310924369747,-8.5769230769230766,1.2403256170487134e-12
-1.3277310924369747,-8.2692307692307701,2.3709381433715684e-12
-1.3277310924369747,-7.9615384615384617,4.688330381493436e-12
-1.3277310924369747,-7.6538461538461542,9.8696591369664827e-12
-1.3277310924369747,-7.3461538461538458,2.2995285431063757e-11
-1.3277310924369747,-7.0384615384615383,6.1283332850276418e-11
-1.3277310924369747,-6.7307692307692308,1.8745952007366571e-10
-1.3277310924369747,-6.4230769230769234,6.3920118148469119e-10
-1.3277310924369747,-6.115384615384615,2.3340650796938418e-09
-1.3277310924369747,-5.8076923076923075,8.839325342718914e-09
-1.3277310924369747,-5.5,3.4030283519109749e-08
-1.3277310924369747,-5.1923076923076925,1.316717153284427e-07
-1.3277310924369747,-4.884615384615385,5.0857058160559806e-07
-1.3277310924369747,-4.5769230769230766,1.9514428104952916e-06
-1.3277310924369747,-4.2692307692307692,7.4065152300927092e-06
-1.3277310924369747,-3.9615384615384617,2.7671315000828823e-05
-1.3277310924369747,-3.6538461538461537,0.00010116768368253236
-1.3277310924369747,-3.3461538461538463,0.00035927682034692381
-1.3277310924369747,-3.0384615384615383,0.0012279357579309807
-1.3277310924369747,-2.7307692307692308,0.0039940679313443701
-1.3277310924369747,-2.4230769230769229,0.012204437920167954
-1.3277310924369747,-2.1153846153846154,0.034544333912183749
-1.3277310924369747,-1.8076923076923077,0.089320886956872472
-1.3277310924369747,-1.5,0.20846678802085308
-1.3277310924369747,-1.1923076923076923,0.43560229347259188
-1.3277310924369747,-0.88461538461538458,0.81268003039958203
-1.3277310924369747,-0.57692307692307687,1.3581182137904988
-1.3277310924369747,-0.26923076923076922,2.0507012408745839
-1.3277310924369747,0.038461538461538464,2.8329309738751314
-1.3277310924369747,0.34615384615384615,3.6321416842328955
-1.3277310924369747,0.65384615384615385,4.3845139929845232
-1.3277310924369747,0.96153846153846156,5.048986658778043
-1.3277310924369747,1.2692307692307692,5.6086436820336836
-1.3277310924369747,1.5769230769230769,6.0645734261291215
-1.3277310924369747,1.8846153846153846,6.4280144679969107
-1.3277310924369747,2.1923076923076925,6.7140864011015973
-1.3277310924369747,2.5,6.9379434027724649
-1.1764705882352942,-9.5,1.2108166793409985e-13
-1.1764705882352942,-9.1923076923076916,2.2464775815190012e-13
-1.1764705882352942,-8.884615384615385,4.1810464386547572e-13
-1.1764705882352942,-8.5769230769230766,7.8332788172216346e-13
-1.1764705882352942,-8.2692307692307701,1.4879657739520243e-12
-1.1764705882352942,-7.9615384615384617,2.9062733527326233e-12
-1.1764705882352942,-7.6538461538461542,5.9845902990326626e-12
-1.1764705882352942,-7.3461538461538458,1.3479257904706963e-11
-1.1764705882352942,-7.0384615384615383,3.4467932059175428e-11
-1.1764705882352942,-6.7307692307692308,1.0146412103861531e-10
-1.1764705882352942,-6.4230769230769234,3.3662188987619258e-10
-1.1764705882352942,-6.115384615384615,1.2098903315096512e-09
-1.1764705882352942,-5.8076923076923075,4.5473207709112688e-09
-1.1764705882352942,-5.5,1.7460673375399951e-08
-1.1764705882352942,-5.1923076923076925,6.7582857259488809e-08
-1.1764705882352942,-4.884615384615385,2.6165664925135353e-07
-1.1764705882352942,-4.5769230769230766,1.0082085995432316e-06
-1.1764705882352942,-4.2692307692307692,3.8500572769316433e-06
-1.1764705882352942,-3.9615384615384617,1.4506848300110878e-05
-1.1764705882352942,-3.6538461538461537,5.3651975848371489e-05
-1.1764705882352942,-3.3461538461538463,0.00019348171615856164
-1.1764705882352942,-3.0384615384615383,0.00067472758377600992
-1.1764705882352942,-2.7307692307692308,0.0022521910572799978
-1.1764705882352942,-2.4230769230769229,0.0071087752204526842
-1.1764705882352942,-2.1153846153846154,0.02093021794001277
-1.1764705882352942,-1.8076923076923077,0.056674361189406816
-1.1764705882352942,-1.5,0.13928702824941577
-1.1764705882352942,-1.1923076923076923,0.30752816716510184
-1.1764705882352942,-0.88461538461538458,0.60659684453876395
-1.1764705882352942,-0.57692307692307687,1.0692709844568122
-1.1764705882352942,-0.26923076923076922,1.6947922700732665
-1.1764705882352942,0.038461538461538464,2.4417060946625475
-1.1764705882352942,0.34615384615384615,3.2415793660349199
-1.1764705882352942,0.65384615384615385,4.0236889275491947
-1.1764705882352942,0.96153846153846156,4.7348994376423112
-1.1764705882352942,1.2692307692307692,5.346878857521439
-1.1764705882352942,1.5769230769230769,5.8528522412235739
-1.1764705882352942,1.8846153846153846,6.2599935357004872
-1.1764705882352942,2.1923076923076925,6.582144652472719
-1.1764705882352942,2.5,6.8347810760756165
-1.0252100840336134,-9.5,7.6879270035492192e-14
-1.0252100840336134,-9.1923076923076916,1.4255861726358912e-13
-1.0252100840336134,-8.884615384615385,2.6501275919990082e-13
-1.0252100840336134,-8.5769230769230766,4.9528017483475178e-13
-1.0252100840336134,-8.2692307692307701,9.3600243103202644e-13
-1.0252100840336134,-7.9615384615384617,1.8096406715692671e-12
-1.0252100840336134,-7.6538461538461542,3.6568211946087313e-12
-1.0252100840336134,-7.3461538461538458,7.9889506765727924e-12
-1.0252100840336134,-7.0384615384615383,1.9625707682431949e-11
-1.0252100840336134,-6.7307692307692308,5.5484615642359138e-11
-1.0252100840336134,-6.4230769230769234,1.7845185277664308e-10
-1.0252100840336134,-6.115384615384615,6.2932041878129181e-10
-1.0252100840336134,-5.8076923076923075,2.3424590664583733e-09
-1.0252100840336134,-5.5,8.9593286530716284e-09
-1.0252100840336134,-5.1923076923076925,3.465933531918547e-08
-1.0252100840336134,-4.884615384615385,1.3440989543966051e-07
-1.0252100840336134,-4.5769230769230766,5.1966554207871892e-07
-1.0252100840336134,-4.2692307692307692,1.9947427600956434e-06
-1.0252100840336134,-3.9615384615384617,7.5710349908636637e-06
-1.0252100840336134,-3.6538461538461537,2.8280573560269609e-05
-1.0252100840336134,-3.3461538461538463,0.00010335781588487304
-1.0252100840336134,-3.0384615384615383,0.00036686063733604353
-1.0252100840336134,-2.7307692307692308,0.0012529613585708734
-1.0252100840336134,-2.4230769230769229,0.0040717058235220337
-1.0252100840336134,-2.1153846153846154,0.012427302034572237
-1.0252100840336134,-1.8076923076923077,0.035126084507131061
-1.0252100840336134,-1.5,0.09067817706105262
-1.0252100840336134,-1.1923076923076923,0.21125526163347794
-1.0252100840336134,-0.88461538461538458,0.44059569926958064
-1.0252100840336134,-0.57692307692307687,0.82044695863406003
-1.0252100840336134,-0.26923076923076922,1.3686539111404274
-1.0252100840336134,0.038461538461538464,2.0633005109229026
-1.0252100840336134,0.34615384615384615,2.8464257599955936
-1.0252100840336134,0.65384615384615385,3.6453282145190862
-1.0252100840336134,0.96153846153846156,4.3964930664883353
-1.0252100840336134,1.2692307692307692,5.0592834893707161
-1.0252100840336134,1.5769230769230769,5.6171490484289324
-1.0252100840336134,1.8846153846153846,6.0714125310897922
-1.0252100840336134,2.1923076923076925,6.4334232255168677
-1.0252100840336134,2.5,6.7183267512929987
-0.87394957983193278,-9.5,4.8818497096003021e-14
-0.87394957983193278,-9.1923076923076916,9.0485051840644022e-14
-0.87394957983193278,-8.884615384615385,1.6805117742388395e-13
-0.87394957983193278,-8.5769230769230766,3.1344495833923523e-13
-0.87394957983193278,-8.2692307692307701,5.8991019665614466e-13
-0.87394957983193278,-7.9615384615384617,1.1309990183014726e-12
-0.87394957983193278,-7.6538461538461542,2.2493741976959936e-12
-0.87394957983193278,-7.3461538461538458,4.7833327366071195e-12
-0.87394957983193278,-7.0384615384615383,1.1312735771771542e-11
-0.87394957983193278,-6.7307692307692308,3.0681323017790663e-11
-0.87394957983193278,-6.4230769230769234,9.5335388616122446e-11
-0.87394957983193278,-6.115384615384615,3.2874457329912579e-10
-0.87394957983193278,-5.8076923076923075,1.2089462131302774e-09
-0.87394957983193278,-5.5,4.5990642160878607e-09
-0.87394957983193278,-5.1923076923076925,1.7765383542905778e-08
-0.87394957983193278,-4.884615384615385,6.8958021613234435e-08
-0.87394957983193278,-4.5769230769230766,2.6732465021506714e-07
-0.87394957983193278,-4.2692307692307692,1.0305805970615979e-06
-0.87394957983193278,-3.9615384615384617,3.935945885277373e-06
-0.87394957983193278,-3.6538461538461537,1.4828691739240572e-05
-0.87394957983193278,-3.3461538461538463,5.4826231247228052e-05
-0.87394957983193278,-3.0384615384615383,0.00019762698738227645
-0.87394957983193278,-2.7307692307692308,0.00068875335405290555
-0.87394957983193278,-2.4230769230769229,0.0022971226781410528
-0.87394957983193278,-2.1153846153846154,0.0072430429395420317
-0.87394957983193278,-1.8076923076923077,0.021298240992050788
-0.87394957983193278,-1.5,0.057583511582282351
-0.87394957983193278,-1.1923076923076923,0.14127836196760296
-0.87394957983193278,-0.88461538461538458,0.31134620571785254
-0.87394957983193278,-0.57692307692307687,0.6129604395088597
-0.87394957983193278,-0.26923076923076922,1.0784939209585331
-0.87394957983193278,0.038461538461538464,1.7065051688172348
-0.87394957983193278,0.34615384615384615,2.4549196216142533
-0.87394957983193278,0.65384615384615385,3.2550538052360398
-0.87394957983193278,0.96153846153846156,4.0363462771423508
-0.87394957983193278,1.2692307692307692,4.7460552509156679
-0.87394957983193278,1.5769230769230769,5.3562588576972709
-0.87394957983193278,1.8846153846153846,5.8604837808376447
-0.87394957983193278,2.1923076923076925,6.2660714627032421
-0.87394957983193278,2.5,6.5869260467449049
-0.72268907563025209,-9.5,3.1002302931508031e-14
-0.72268907563025209,-9.1923076923076916,5.7442493495664107e-14
-0.72268907563025209,-8.884615384615385,1.0660334291948659e-13
-0.72268907563025209,-8.5769230769230766,1.9851624554559499e-13
-0.72268907563025209,-8.2692307692307701,3.72361689519233e-13
-0.72268907563025209,-7.9615384615384617,7.0903288886594319e-13
-0.72268907563025209,-7.6538461538461542,1.3915108993062941e-12
-0.72268907563025209,-7.3461538461538458,2.8903858827276354e-12
-0.72268907563025209,-7.0384615384615383,6.5994032707630595e-12
-0.72268907563025209,-6.7307692307692308,1.7167708966034691e-11
-0.72268907563025209,-6.4230769230769234,5.1383649410591428e-11
-0.72268907563025209,-6.115384615384615,1.7262922489544609e-10
-0.72268907563025209,-5.8076923076923075,6.255049110096242e-10
-0.72268907563025209,-5.5,2.3627498129337053e-09
-0.72268907563025209,-5.1923076923076925,9.1039748094366603e-09
-0.72268907563025209,-4.884615384615385,3.5344178033809055e-08
-0.72268907563025209,-4.5769230769230766,1.372904630807315e-07
-0.72268907563025209,-4.2692307692307692,5.311725218778021e-07
-0.72268907563025209,-3.9615384615384617,2.0393591286411034e-06
-0.72268907563025209,-3.6538461538461537,7.740008666986017e-06
-0.72268907563025209,-3.3461538461538463,2.8905188620008415e-05
-0.72268907563025209,-3.0384615384615383,0.00010560034836181667
-0.72268907563025209,-2.7307692307692308,0.00037461742054462771
-0.72268907563025209,-2.4230769230769229,0.0012785281276341215
-0.72268907563025209,-2.1153846153846154,0.0041509156868593357
-0.72268907563025209,-1.8076923076923077,0.012654311441516642
-0.72268907563025209,-1.5,0.035717521215131123
-0.72268907563025209,-1.1923076923076923,0.092055025818927383
-0.72268907563025209,-0.88461538461538458,0.21407703674804224
-0.72268907563025209,-0.57692307692307687,0.44563581243645584
-0.72268907563025209,-0.26923076923076922,0.82826652667683009
-0.72268907563025209,0.038461538461538464,1.3792354145562291
-0.72268907563025209,0.34615384615384615,2.0759271664938148
-0.72268907563025209,0.65384615384615385,2.8599249021086757
-0.72268907563025209,0.96153846153846156,3.6584991802499394
-0.72268907563025209,1.2692307692307692,4.4084440299839009
-0.72268907563025209,1.5769230769230769,5.0695472731958118
-0.72268907563025209,1.8846153846153846,5.625621981696308
-0.72268907563025209,2.1923076923076925,6.0782228778144098
-0.72268907563025209,2.5,6.4388080331074757
-0.5714285714285714,-9.5,1.9689899186080068e-14
-0.5714285714285714,-9.1923076923076916,3.6471604640911976e-14
-0.5714285714285714,-8.884615384615385,6.7643742121320393e-14
-0.5714285714285714,-8.5769230769230766,1.2580379282451936e-13
-0.5714285714285714,-8.2692307692307701,2.3533577453476878e-13
-0.5714285714285714,-7.9615384615384617,4.4562255549357174e-13
-0.5714285714285714,-7.6538461538461542,8.649564823215243e-13
-0.5714285714285714,-7.3461538461538458,1.7607952364356874e-12
-0.5714285714285714,-7.0384615384615383,3.8938613591295643e-12
-0.5714285714285714,-6.7307692307692308,9.7244952219293627e-12
-0.5714285714285714,-6.4230769230769234,2.7970218217903279e-11
-0.5714285714285714,-6.115384615384615,9.1218477469144108e-11
-0.5714285714285714,-5.8076923076923075,3.2467575995483769e-10
-0.5714285714285714,-5.5,1.2153869277666589e-09
-0.5714285714285714,-5.1923076923076925,4.6657937500720721e-09
-0.5714285714285714,-4.884615384615385,1.8102964066882928e-08
-0.5714285714285714,-4.5769230769230766,7.0413851144039739e-08
-0.5714285714285714,-4.2692307692307692,2.732176976863037e-07
-0.5714285714285714,-3.9615384615384617,1.053654262086394e-06
-0.5714285714285714,-3.6538461538461537,4.0241850184800915e-06
-0.5714285714285714,-3.3461538461538463,1.5158659076598486e-05
-0.5714285714285714,-3.0384615384615383,5.6028549988946068e-05
-0.5714285714285714,-2.7307692307692308,0.00020186685941120687
-0.5714285714285714,-2.4230769230769229,0.00070308409275917944
-0.5714285714285714,-2.1153846153846154,0.0023429760585868984
-0.5714285714285714,-1.8076923076923077,0.0073798677614239369
-0.5714285714285714,-1.5,0.021672625252711734
-0.5714285714285714,-1.1923076923076923,0.058506505451689297
-0.5714285714285714,-0.88461538461538458,0.1432954017595949
-0.5714285714285714,-0.57692307692307687,0.315204013239896
-0.5714285714285714,-0.26923076923076922,0.61937411048730573
-0.5714285714285714,0.038461538461538464,1.0877666895566223
-0.5714285714285714,0.34615384615384615,1.7182548412228047
-0.5714285714285714,0.65384615384615385,2.46814855536832
-0.5714285714285714,0.96153846153846156,3.2685218630511175
-0.5714285714285714,1.2692307692307692,4.0489811681682282
-0.5714285714285714,1.5769230769230769,4.7571802747768288
-0.5714285714285714,1.8846153846153846,5.3656063045758184
-0.5714285714285714,2.1923076923076925,5.8680851510624397
-0.5714285714285714,2.5,6.2721235176643866
-0.42016806722689076,-9.5,1.2504130286251874e-14
-0.42016806722689076,-9.1923076923076916,2.3157424576947672e-14
-0.42016806722689076,-8.884615384615385,4.293044923624484e-14
-0.42016806722689076,-8.5769230769230766,7.9761124713718312e-14
-0.42016806722689076,-8.2692307692307701,1.4888270567131531e-13
-0.42016806722689076,-7.9615384615384617,2.8064738363992494e-13
-0.42016806722689076,-7.6538461538461542,5.3981042595913787e-13
-0.42016806722689076,-7.3461538461538458,1.0802724644764138e-12
-0.42016806722689076,-7.0384615384615383,2.3219027511508554e-12
-0.42016806722689076,-6.7307692307692308,5.5768179597086618e-12
-0.42016806722689076,-6.4230769230769234,1.5391458228279163e-11
-0.42016806722689076,-6.115384615384615,4.8555059372705679e-11
-0.42016806722689076,-5.8076923076923075,1.6920407872389466e-10
-0.42016806722689076,-5.5,6.2629549938714448e-10
-0.42016806722689076,-5.1923076923076925,2.392229836599555e-09
-0.42016806722689076,-4.884615384615385,9.2682245385223051e-09
-0.42016806722689076,-4.5769230769230766,3.6075372623897387e-08
-0.42016806722689076,-4.2692307692307692,1.4029550933941737e-07
-0.42016806722689076,-3.9615384615384617,5.4305667760934514e-07
-0.42016806722689076,-3.6538461538461537,2.0852209325436936e-06
-0.42016806722689076,-3.3461538461538463,7.9132803475587716e-06
-0.42016806722689076,-3.0384615384615383,2.9544780640357288e-05
-0.42016806722689076,-2.7307692307692308,0.00010789425045253048
-0.42016806722689076,-2.4230769230769229,0.00038254412626753079
-0.42016806722689076,-2.1153846153846154,0.0013046267338430232
-0.42016806722689076,-1.8076923076923077,0.0042316692639146709
-0.42016806722689076,-1.5,0.012885385325916026
-0.42016806722689076,-1.1923076923076923,0.036318434281736207
-0.42016806722689076,-0.88461538461538458,0.093450956714313971
-0.42016806722689076,-0.57692307692307687,0.21693119616515613
-0.42016806722689076,-0.26923076923076922,0.45072117888598379
-0.42016806722689076,0.038461538461538464,0.83613688327515834
-0.42016806722689076,0.34615384615384615,1.3898608887214425
-0.42016806722689076,0.65384615384615385,2.0885798874880157
-0.42016806722689076,0.96153846153846156,2.8734279082240666
-0.42016806722689076,1.2692307692307692,3.6716549190833003
-0.42016806722689076,1.5769230769230769,4.4203678208884858
-0.42016806722689076,1.8846153846153846,5.0797792483801345
-0.42016806722689076,2.1923076923076925,5.6340637714099007
-0.42016806722689076,2.5,6.0850056466870805
-0.26890756302521007,-9.5,7.944063423975385e-15
-0.26890756302521007,-9.1923076923076916,1.4707882783863693e-14
-0.26890756302521007,-8.884615384615385,2.7253995766451807e-14
-0.26890756302521007,-8.5769230769230766,5.059209299509038e-14
-0.26890756302521007,-8.2692307692307701,9.4268761350241634e-14
-0.26890756302521007,-7.9615384615384617,1.7704801951247812e-13
-0.26890756302521007,-7.6538461538461542,3.3801447559062311e-13
-0.26890756302521007,-7.3461538461538458,6.6680183022605117e-13
-0.26890756302521007,-7.0384615384615383,1.3979134435483766e-12
-0.26890756302521007,-6.7307692307692308,3.2373120899056242e-12
-0.26890756302521007,-6.4230769230769234,8.5686126537051064e-12
-0.26890756302521007,-6.115384615384615,2.6064603890016454e-11
-0.26890756302521007,-5.8076923076923075,8.8613723788408139e-11
-0.26890756302521007,-5.5,3.234906692218021e-10
-0.26890756302521007,-5.1923076923076925,1.2275003659822418e-09
-0.26890756302521007,-4.884615384615385,4.7443375923985173e-09
-0.26890756302521007,-4.5769230769230766,1.8467531162111306e-08
-0.26890756302521007,-4.2692307692307692,7.1939400183386486e-08
-0.26890756302521007,-3.9615384615384617,2.7931530517920756e-07
-0.26890756302521007,-3.6538461538461537,1.0773907482652996e-06
-0.26890756302521007,-3.3461538461538463,4.1146989710012201e-06
-0.26890756302521007,-3.0384615384615383,1.5496594557300551e-05
-0.26890756302521007,-2.7307692307692308,5.7258580044388449e-05
-0.26890756302521007,-2.4230769230769229,0.00020620042672066192
-0.26890756302521007,-2.1153846153846154,0.00071771715767218942
-0.26890756302521007,-1.8076923076923077,0.0023897429011908882
-0.26890756302521007,-1.5,0.0075192236217603977
-0.26890756302521007,-1.1923076923076923,0.022053294050138617
-0.26890756302521007,-0.88461538461538458,0.059443142298079191
-0.26890756302521007,-0.57692307692307687,0.14533770012304109
-0.26890756302521007,-0.26923076923076922,0.3191007641298414
-0.26890756302521007,0.038461538461538464,0.62583662991773947
-0.26890756302521007,0.34615384615384615,1.0970878531287471
-0.26890756302521007,0.65384615384615385,1.7300400106190428
-0.26890756302521007,0.96153846153846156,2.4813921302404558
-0.26890756302521007,1.2692307692307692,3.281983431663515
-0.26890756302521007,1.5769230769230769,4.0615940676848146
-0.26890756302521007,1.8846153846153846,4.7682753426511191
-0.26890756302521007,2.1923076923076925,5.3749221864953221
-0.26890756302521007,2.5,5.8756573527406708
-0.11764705882352941,-9.5,5.0452873525982184e-15
-0.11764705882352941,-9.1923076923076916,9.3401442098045869e-15
-0.11764705882352941,-8.884615384615385,1.7302595709006184e-14
-0.11764705882352941,-8.5769230769230766,3.209842523441269e-14
-0.11764705882352941,-8.2692307692307701,5.9725827869052367e-14
-0.11764705882352941,-7.9615384615384617,1.1184206818516238e-13
-0.11764705882352941,-7.6538461538461542,2.1223356183912612e-13
-0.11764705882352941,-7.3461538461538458,4.1370838970149711e-13
-0.11764705882352941,-7.0384615384615383,8.4885926203966446e-13
-0.11764705882352941,-6.7307692307692308,1.9012906441879667e-12
-0.11764705882352941,-6.4230769230769234,4.8285305893750461e-12
-0.11764705882352941,-6.115384615384615,1.412550847776005e-11
-0.11764705882352941,-5.8076923076923075,4.6681657700058941e-11
-0.11764705882352941,-5.5,1.6758967277734865e-10
-0.11764705882352941,-5.1923076923076925,6.3060712633873389e-10
-0.11764705882352941,-4.884615384615385,2.4288937637804599e-09
-0.11764705882352941,-4.5769230769230766,9.4483763279083051e-09
-0.11764705882352941,-4.2692307692307692,3.6846104865773523e-08
-0.11764705882352941,-3.9615384615384617,1.4341255573976386e-07
-0.11764705882352941,-3.6538461538461537,5.5529538817491919e-07
-0.11764705882352941,-3.3461538461538463,2.1322879074078156e-06
-0.11764705882352941,-3.0384615384615383,8.090780475122426e-06
-0.11764705882352941,-2.7307692307692308,3.0199233963983078e-05
-0.11764705882352941,-2.4230769230769229,0.00011023933109096748
-0.11764705882352941,-2.1153846153846154,0.00039064038015937505
-0.11764705882352941,-1.8076923076923077,0.0013312560435266617
-0.11764705882352941,-1.5,0.0043139619266312594
-0.11764705882352941,-1.1923076923076923,0.013120505125085054
-0.11764705882352941,-0.88461538461538458,0.036928759977794094
-0.11764705882352941,-0.57692307692307687,0.094865790397713895
-0.11764705882352941,-0.26923076923076922,0.21981733439629528
-0.11764705882352941,0.038461538461538464,0.45585107269855873
-0.11764705882352941,0.34615384615384615,0.84405701234899666
-0.11764705882352941,0.65384615384615385,1.4005292408354246
-0.11764705882352941,0.96153846153846156,2.1012578121705912
-0.11764705882352941,1.2692307692307692,2.8869343739749582
-0.11764705882352941,1.5769230769230769,3.6847955236164518
-0.11764705882352941,1.8846153846153846,4.4322649094333162
-0.11764705882352941,2.1923076923076925,5.0899800785998464
-0.11764705882352941,2.5,5.642475101885621
0.033613445378151259,-9.5,3.2016683995684392e-15
0.033613445378151259,-9.1923076923076916,5.9290335611098841e-15
0.033613445378151259,-8.884615384615385,1.0983404687059346e-14
0.033613445378151259,-8.5769230769230766,2.0367368804567242e-14
0.033613445378151259,-8.2692307692307701,3.7857727684522427e-14
0.033613445378151259,-7.9615384615384617,7.0726241579920675e-14
0.033613445378151259,-7.6538461538461542,1.3355405949415702e-13
0.033613445378151259,-7.3461538461538458,2.5778822666351932e-13
0.033613445378151259,-7.0384615384615383,5.1933652877673502e-13
0.033613445378151259,-6.7307692307692308,1.1289123400519356e-12
0.033613445378151259,-6.4230769230769234,2.754823520184521e-12
0.033613445378151259,-6.115384615384615,7.7361956059493818e-12
0.033613445378151259,-5.8076923076923075,2.4763050679946748e-11
0.033613445378151259,-5.5,8.7148613051077445e-11
0.033613445378151259,-5.1923076923076925,3.2450076481200068e-10
0.033613445378151259,-4.884615384615385,1.2440153481506686e-09
0.033613445378151259,-4.5769230769230766,4.8323546726820836e-09
0.033613445378151259,-4.2692307692307692,1.8854795796494654e-08
0.033613445378151259,-3.9615384615384617,7.3526895985168917e-08
0.033613445378151259,-3.6538461538461537,2.8560370405469155e-07
0.033613445378151259,-3.3461538461538463,1.1017668222463319e-06
0.033613445378151259,-3.0384615384615383,4.2074526530516733e-06
0.033613445378151259,-2.7307692307692308,1.5842459616877735e-05
0.033613445378151259,-2.4230769230769229,5.8516331315182876e-05
0.033613445378151259,-2.1153846153846154,0.00021062792882337836
0.033613445378151259,-1.8076923076923077,0.00073265347447778269
0.033613445378151259,-1.5,0.00243742550930776
0.033613445378151259,-1.1923076923076923,0.0076611136504291461
0.033613445378151259,-0.88461538461538458,0.022440243265827765
0.033613445378151259,-0.57692307692307687,0.06039338010686069
0.033613445378151259,-0.26923076923076922,0.14740510615641683
0.033613445378151259,0.038461538461538464,0.32303609698274871
0.033613445378151259,0.34615384615384615,0.6323473636005984
0.033613445378151259,0.65384615384615385,1.1064565760870435
0.033613445378151259,0.96153846153846156,1.741859855186523
0.033613445378151259,1.2692307692307692,2.4946497812709878
0.033613445378151259,1.5769230769230769,3.2954383366549451
0.033613445378151259,1.8846153846153846,4.0741851748741853
0.033613445378151259,2.1923076923076925,4.7793409160452409
0.033613445378151259,2.5,5.3842071013395225
0.18487394957983194,-9.5,2.0405891998713518e-15
0.18487394957983194,-9.1923076923076916,3.772691242271592e-15
0.18487394957983194,-8.884615384615385,6.9815876870661588e-15
0.18487394957983194,-8.5769230769230766,1.293512746317904e-14
0.18487394957983194,-8.2692307692307701,2.4015446436731961e-14
0.18487394957983194,-7.9615384615384617,4.4774194724326489e-14
0.18487394957983194,-7.6538461538461542,8.4205173322186766e-14
0.18487394957983194,-7.3461538461538458,1.6121871105740121e-13
0.18487394957983194,-7.0384615384615383,3.1980665134880095e-13
0.18487394957983194,-6.7307692307692308,6.7706635556543421e-13
0.18487394957983194,-6.4230769230769234,1.591165873816449e-12
0.18487394957983194,-6.115384615384615,4.2853796257690589e-12
0.18487394957983194,-5.8076923076923075,1.3241925298001675e-11
0.18487394957983194,-5.5,4.5526862095601569e-11
0.18487394957983194,-5.1923076923076925,1.673487864137352e-10
0.18487394957983194,-4.884615384615385,6.3763286253529299e-10
0.18487394957983194,-4.5769230769230766,2.4712565831045491e-09
0.18487394957983194,-4.2692307692307692,9.6417137910496934e-09
0.18487394957983194,-3.9615384615384617,3.7651469549216379e-08
0.18487394957983194,-3.6538461538461537,1.4663298634994826e-07
0.18487394957983194,-3.3461538461538463,5.6787442936862703e-07
0.18487394957983194,-3.0384615384615383,2.1805399761133452e-06
0.18487394957983194,-2.7307692307692308,8.2724937448277716e-06
0.18487394957983194,-2.4230769230769229,3.0868592760902059e-05
0.18487394957983194,-2.1153846153846154,0.00011263589487187791
0.18487394957983194,-1.8076923076923077,0.00039890735711196532
0.18487394957983194,-1.5,0.0013584196247804095
0.18487394957983194,-1.1923076923076923,0.0043978024755059741
0.18487394957983194,-0.88461538461538458,0.01335968737016997
0.18487394957983194,-0.57692307692307687,0.037548516269628643
0.18487394957983194,-0.26923076923076922,0.09629951255715051
0.18487394957983194,0.038461538461538464,0.22273532816964833
0.18487394957983194,0.34615384615384615,0.46102516695308593
0.18487394957983194,0.65384615384615385,0.85202635258644499
0.18487394957983194,0.96153846153846156,1.4112397794720282
0.18487394957983194,1.2692307692307692,2.1139603231405717
0.18487394957983194,1.5769230769230769,2.9004439364187831
0.18487394957983194,1.8846153846153846,3.6979209479439135
0.18487394957983194,2.1923076923076925,4.4441355135198961
0.18487394957983194,2.5,5.1001501400582931
0.33613445378151263,-9.5,1.2883507929504916e-15
0.33613445378151263,-9.1923076923076916,2.3884124680913105e-15
0.33613445378151263,-8.884615384615385,4.4258954807701046e-15
0.33613445378151263,-8.5769230769230766,8.2039896662562841e-15
0.33613445378151263,-8.2692307692307701,1.5227318542578372e-14
0.33613445378151263,-7.9615384615384617,2.8352901052407613e-14
0.33613445378151263,-7.6538461538461542,5.3157481688017619e-14
0.33613445378151263,-7.3461538461538458,1.0111207119297982e-13
0.33613445378151263,-7.0384615384615383,1.9801414304926892e-13
0.33613445378151263,-6.7307692307692308,4.0973281517409394e-13
0.33613445378151263,-6.4230769230769234,9.3005211886064194e-13
0.33613445378151263,-6.115384615384615,2.4024694083726034e-12
0.33613445378151263,-5.8076923076923075,7.1459829504491206e-12
0.33613445378151263,-5.5,2.3915279202681754e-11
0.33613445378151263,-5.1923076923076925,8.6545407284053466e-11
0.33613445378151263,-4.884615384615385,3.2719343060231338e-10
0.33613445378151263,-4.5769230769230766,1.2639884090428766e-09
0.33613445378151263,-4.2692307692307692,4.928118954144951e-09
0.33613445378151263,-3.9615384615384617,1.9261640506707972e-08
0.33613445378151263,-3.6538461538461537,7.5170862788146827e-08
0.33613445378151263,-3.3461538461538463,2.9207386758268724e-07
0.33613445378151263,-3.0384615384615383,1.1267698693668151e-06
0.33613445378151263,-2.7307692307692308,4.3024374035150197e-06
0.33613445378151263,-2.4230769230769229,1.6196288826282222e-05
0.33613445378151263,-2.1153846153846154,5.9802032362754526e-05
0.33613445378151263,-1.8076923076923077,0.0002151502815105998
0.33613445378151263,-1.5,0.00074789604336211854
0.33613445378151263,-1.1923076923076923,0.0024860322776224571
0.33613445378151263,-0.88461538461538458,0.0078055575856881389
0.33613445378151263,-0.57692307692307687,0.022833509675180889
0.33613445378151263,-0.26923076923076922,0.06135726539677016
0.33613445378151263,0.038461538461538464,0.14949763324568216
0.33613445378151263,0.34615384615384615,0.32700990550503251
0.33613445378151263,0.65384615384615385,0.63890600110342055
0.33613445378151263,0.96153846153846156,1.1158723486659987
0.33613445378151263,1.2692307692307692,1.7537137966109888
0.33613445378151263,1.5769230769230769,2.5079210458852064
0.33613445378151263,1.8846153846153846,3.3088863552252241
0.33613445378151263,2.1923076923076925,4.0867545179479068
0.33613445378151263,2.5,4.7903771976573601
0.48739495798319327,-9.5,8.235007418098418e-16
0.48739495798319327,-9.1923076923076916,1.5222134168294914e-15
0.48739495798319327,-8.884615384615385,2.8160436439867504e-15
0.48739495798319327,-8.5769230769230766,5.2141326946632705e-15
0.48739495798319327,-8.2692307692307701,9.6678776358343585e-15
0.48739495798319327,-7.9615384615384617,1.7974735025059452e-14
0.48739495798319327,-7.6538461538461542,3.360795814608054e-14
0.48739495798319327,-7.3461538461538458,6.3579288114337393e-14
0.48739495798319327,-7.0384615384615383,1.2318498708540047e-13
0.48739495798319327,-6.7307692307692308,2.499407281628205e-13
0.48739495798319327,-6.4230769230769234,5.4979666051145279e-13
0.48739495798319327,-6.115384615384615,1.3636076797038049e-12
0.48739495798319327,-5.8076923076923075,3.8957249465950418e-12
0.48739495798319327,-5.5,1.2645217864221818e-11
0.48739495798319327,-5.1923076923076925,4.4914187445357922e-11
0.48739495798319327,-4.884615384615385,1.6815562389592398e-10
0.48739495798319327,-4.5769230769230766,6.4677281711905771e-10
0.48739495798319327,-4.2692307692307692,2.5182197599502771e-09
0.48739495798319327,-3.9615384615384617,9.8462488267321274e-09
0.48739495798319327,-3.6538461538461537,3.8487959826996486e-08
0.48739495798319327,-3.3461538461538463,1.4995096698998664e-07
0.48739495798319327,-3.0384615384615383,5.8078545785470536e-07
0.48739495798319327,-2.7307692307692308,2.2299706661415645e-06
0.48739495798319327,-2.4230769230769229,8.4584398880014595e-06
0.48739495798319327,-2.1153846153846154,3.1553000586890123e-05
0.48739495798319327,-1.8076923076923077,0.00011508454589835136
0.48739495798319327,-1.5,0.00040734714928473948
0.48739495798319327,-1.1923076923076923,0.0013861237877125726
0.48739495798319327,-0.88461538461538458,0.0044832074453312679
0.48739495798319327,-0.57692307692307687,0.013602968576136531
0.48739495798319327,-0.26923076923076922,0.038177767136257215
0.48739495798319327,0.038461538461538464,0.097752200860469513
0.48739495798319327,0.34615384615384615,0.22568520998309152
0.48739495798319327,0.65384615384615385,0.46624335310197956
0.48739495798319327,0.96153846153846156,0.86004458982821974
0.48739495798319327,1.2692307692307692,1.4219920301346662
0.48739495798319327,1.5769230769230769,2.1266869349666888
0.48739495798319327,1.8846153846153846,2.9139562581795837
0.48739495798319327,2.1923076923076925,3.7110310849075039
0.48739495798319327,2.5,4.455979751662051
0.6386554621848739,-9.5,5.2262921073641282e-16
0.6386554621848739,-9.1923076923076916,9.6642459331657694e-16
0.6386554621848739,-8.884615384615385,1.7880858627845305e-15
0.6386554621848739,-8.5769230769230766,3.31048739064465e-15
0.6386554621848739,-8.2692307692307701,6.1357487703322901e-15
0.6386554621848739,-7.9615384615384617,1.1396867356549748e-14
0.6386554621848739,-7.6538461538461542,2.1264931091729867e-14
0.6386554621848739,-7.3461538461538458,4.0054363101024633e-14
0.6386554621848739,-7.0384615384615383,7.6927533120301253e-14
0.6386554621848739,-6.7307692307692308,1.5351716593650132e-13
0.6386554621848739,-6.4230769230769234,3.2841142746017431e-13
0.6386554621848739,-6.115384615384615,7.836054276784067e-13
0.6386554621848739,-5.8076923076923075,2.1474513706869358e-12
0.6386554621848739,-5.5,6.7373116956733307e-12
0.6386554621848739,-5.1923076923076925,2.3409148521715219e-11
0.6386554621848739,-4.884615384615385,8.6597023906022567e-11
0.6386554621848739,-4.5769230769230766,3.3118712026472387e-10
0.6386554621848739,-4.2692307692307692,1.2867199405263956e-09
0.6386554621848739,-3.9615384615384617,5.0303608127778521e-09
0.6386554621848739,-3.6538461538461537,1.9685812482789412e-08
0.6386554621848739,-3.3461538461538463,7.6867501989176974e-08
0.6386554621848739,-3.0384615384615383,2.9872016578516702e-07
0.6386554621848739,-2.7307692307692308,1.1523946579095124e-06
0.6386554621848739,-2.4230769230769229,4.3996622434446727e-06
0.6386554621848739,-2.1153846153846154,1.6558163786127672e-05
0.6386554621848739,-1.8076923076923077,6.11160477014848e-05
0.6386554621848739,-1.5,0.00021976881050560297
0.6386554621848739,-1.1923076923076923,0.00076344909824112403
0.6386554621848739,-0.88461538461538458,0.0025355751677181904
0.6386554621848739,-0.57692307692307687,0.0079525847562663052
0.6386554621848739,-0.26923076923076922,0.023233153349921914
0.6386554621848739,0.038461538461538464,0.062334894458792256
0.6386554621848739,0.34615384615384615,0.15161538598185989
0.6386554621848739,0.65384615384615385,0.33102222343309462
0.6386554621848739,0.96153846153846156,0.64551240793042408
0.6386554621848739,1.2692307692307692,1.1253348362700437
0.6386554621848739,1.5769230769230769,1.7656013848525343
0.6386554621848739,1.8846153846153846,2.5212055099397706
0.6386554621848739,2.1923076923076925,3.3223272258816019
0.6386554621848739,2.5,4.099302013407625
0.78991596638655459,-9.5,3.2848773361881648e-16
0.78991596638655459,-9.1923076923076916,6.1037367442622116e-16
0.78991596638655459,-8.884615384615385,1.1322120466854076e-15
0.78991596638655459,-8.5769230769230766,2.0988082659683084e-15
0.78991596638655459,-8.2692307692307701,3.8915465248323258e-15
0.78991596638655459,-7.9615384615384617,7.2256260436491993e-15
0.78991596638655459,-7.6538461538461542,1.3462344400930877e-14
0.78991596638655459,-7.3461538461538458,2.5271355564278114e-14
0.78991596638655459,-7.0384615384615383,4.8191301947821824e-14
0.78991596638655459,-6.7307692307692308,9.484683005253335e-14
0.78991596638655459,-6.4230769230769234,1.9802644070713436e-13
0.78991596638655459,-6.115384615384615,4.5578883204598408e-13
0.78991596638655459,-5.8076923076923075,1.197777290640492e-12
0.78991596638655459,-5.5,3.6210189472027135e-12
0.78991596638655459,-5.1923076923076925,1.2264115659485265e-11
0.78991596638655459,-4.884615384615385,4.4711982264408205e-11
0.78991596638655459,-4.5769230769230766,1.6976747204950496e-10
0.78991596638655459,-4.2692307692307692,6.5758135087657119e-10
0.78991596638655459,-3.9615384615384617,2.5689722379228599e-09
0.78991596638655459,-3.6538461538461537,1.0060533291068471e-08
0.78991596638655459,-3.3461538461538463,3.9353098966321702e-08
0.78991596638655459,-3.0384615384615383,1.5336268787125068e-07
0.78991596638655459,-2.7307692307692308,5.9402432183668091e-07
0.78991596638655459,-2.4230769230769229,2.2805829087144605e-06
0.78991596638655459,-2.1153846153846154,8.6486619791550648e-06
0.78991596638655459,-1.8076923076923077,3.2252664884726339e-05
0.78991596638655459,-1.5,0.00011758607518627493
0.78991596638655459,-1.1923076923076923,0.00041596240819626577
0.78991596638655459,-0.88461538461538458,0.0014143764833862565
0.78991596638655459,-0.57692307692307687,0.0045701979221934195
0.78991596638655459,-0.26923076923076922,0.013850396825919991
0.78991596638655459,0.038461538461538464,0.038816602759570835
0.78991596638655459,0.34615384615384615,0.099223984525789802
0.78991596638655459,0.65384615384615385,0.22866709837502891
0.78991596638655459,0.96153846153846156,0.47150564175175697
0.78991596638655459,1.2692307692307692,0.86811154348305297
0.78991596638655459,1.5769230769230769,1.4327856345012049
0.78991596638655459,1.8846153846153846,2.1394372313252492
0.78991596638655459,2.1923076923076925,2.9274710102052728
0.78991596638655459,2.5,3.7241257774212486
0.94117647058823528,-9.5,2.1390330716945876e-16
0.94117647058823528,-9.1923076923076916,3.9297008229260269e-16
0.94117647058823528,-8.884615384615385,7.244146368461996e-16
0.94117647058823528,-8.5769230769230766,1.3382039349308674e-15
0.94117647058823528,-8.2692307692307701,2.4760333961125064e-15
0.94117647058823528,-7.9615384615384617,4.5899285393604518e-15
0.94117647058823528,-7.6538461538461542,8.5355472962154123e-15
0.94117647058823528,-7.3461538461538458,1.597267879658505e-14
0.94117647058823528,-7.0384615384615383,3.0276442211788127e-14
0.94117647058823528,-6.7307692307692308,5.8898858800530314e-14
0.94117647058823528,-6.4230769230769234,1.2041751874936486e-13
0.94117647058823528,-6.115384615384615,2.6820218309039993e-13
0.94117647058823528,-5.8076923076923075,6.763159316104112e-13
0.94117647058823528,-5.5,1.9652577818369705e-12
0.94117647058823528,-5.1923076923076925,6.4648670587480598e-12
0.94117647058823528,-4.884615384615385,2.3160941492920337e-11
0.94117647058823528,-4.5769230769230766,8.7149040091894227e-11
0.94117647058823528,-4.2692307692307692,3.3619795771483751e-10
0.94117647058823528,-3.9615384615384617,1.3116919086757921e-09
0.94117647058823528,-3.6538461538461537,5.1381498616008227e-09
0.94117647058823528,-3.3461538461538463,2.012569921131649e-08
0.94117647058823528,-3.0384615384615383,7.8614248018734587e-08
0.94117647058823528,-2.7307692307692308,3.0553943303089593e-07
0.94117647058823528,-2.4230769230769229,1.1786411971210191e-06
0.94117647058823528,-2.1153846153846154,4.4991483750033192e-06
0.94117647058823528,-1.8076923076923077,1.6928197418335522e-05
0.94117647058823528,-1.5,6.2458829585634255e-05
0.94117647058823528,-1.1923076923076923,0.00022448509921959103
0.94117647058823528,-0.88461538461538458,0.00077931763173382255
0.94117647058823528,-0.57692307692307687,0.0025860682918395104
0.94117647058823528,-0.26923076923076922,0.0081022301620795462
0.94117647058823528,0.038461538461538464,0.023639247866960394
0.94117647058823528,0.34615384615384615,0.063326391862083484
0.94117647058823528,0.65384615384615385,0.15375851978932606
0.94117647058823528,0.96153846153846156,0.33507316126362452
0.94117647058823528,1.2692307692307692,0.6521665448264018
0.94117647058823528,1.5769230769230769,1.1348437985719535
0.94117647058823528,1.8846153846153846,1.7775222398808164
0.94117647058823528,2.1923076923076925,2.5345027913294231
0.94117647058823528,2.5,3.3357606870604339
1.0924369747899159,-9.5,1.31525960709091e-16
1.0924369747899159,-9.1923076923076916,2.4526274754567205e-16
1.0924369747899159,-8.884615384615385,4.5577738237728831e-16
1.0924369747899159,-8.5769230769230766,8.4555900600778436e-16
1.0924369747899159,-8.2692307692307701,1.5678460930469265e-15
1.0924369747899159,-7.9615384615384617,2.9086223340518565e-15
1.0924369747899159,-7.6538461538461542,5.4067913734093631e-15
1.0924369747899159,-7.3461538461538458,1.009835667310907e-14
1.0924369747899159,-7.0384615384615383,1.9054488673550454e-14
1.0924369747899159,-6.7307692307692308,3.6720330738521858e-14
1.0924369747899159,-6.4230769230769234,7.3753090058511959e-14
1.0924369747899159,-6.115384615384615,1.5952124701595427e-13
1.0924369747899159,-5.8076923076923075,3.8663143231602049e-13
1.0924369747899159,-5.5,1.0781078537576676e-12
1.0924369747899159,-5.1923076923076925,3.432468299700408e-12
1.0924369747899159,-4.884615384615385,1.2045397631774037e-11
1.0924369747899159,-4.5769230769230766,4.4822014416071195e-11
1.0924369747899159,-4.2692307692307692,1.7200352920181218e-10
1.0924369747899159,-3.9615384615384617,6.697277218411294e-10
1.0924369747899159,-3.6538461538461537,2.6229168863847487e-09
1.0924369747899159,-3.3461538461538463,1.0283520068147833e-08
1.0924369747899159,-3.0384615384615383,4.0245172215875925e-08
1.0924369747899159,-2.7307692307692308,1.5686582504170131e-07
1.0924369747899159,-2.4230769230769229,6.0758990364048346e-07
1.0924369747899159,-2.1153846153846154,2.3323862976762479e-06
1.0924369747899159,-1.8076923076923077,8.8432191770619248e-06
1.0924369747899159,-1.5,3.2967835831005541e-05
1.0924369747899159,-1.1923076923076923,0.00012014139539879274
1.0924369747899159,-0.88461538461538458,0.0004247561407516492
1.0924369747899159,-0.57692307692307687,0.0014431866826462197
1.0924369747899159,-0.26923076923076922,0.0046587977584926481
1.0924369747899159,0.038461538461538464,0.014102027071531874
1.0924369747899159,0.34615384615384615,0.039465128499421527
1.0924369747899159,0.65384615384615385,0.10071502188967994
1.0924369747899159,0.96153846153846156,0.2316811593277403
1.0924369747899159,1.2692307692307692,0.4768121077763447
1.0924369747899159,1.5769230769230769,0.87622710327343267
1.0924369747899159,1.8846153846153846,1.4436202923877068
1.0924369747899159,2.1923076923076925,2.152210822793422
1.0924369747899159,2.5,2.9409878446898539
1.2436974789915967,-9.5,8.5616268475086639e-17
1.2436974789915967,-9.1923076923076916,1.5787121083480601e-16
1.2436974789915967,-8.884615384615385,2.9159121120119766e-16
1.2436974789915967,-8.5769230769230766,5.3914419897506039e-16
1.2436974789915967,-8.2692307692307701,9.9772167440363068e-16
1.2436974789915967,-7.9615384615384617,1.8483867488489902e-15
1.2436974789915967,-7.6538461538461542,3.4311199553423377e-15
1.2436974789915967,-7.3461538461538458,6.3946541635098985e-15
1.2436974789915967,-7.0384615384615383,1.2017600509859147e-14
1.2436974789915967,-6.7307692307692308,2.2976817980032576e-14
1.2436974789915967,-6.4230769230769234,4.5460368618152017e-14
1.2436974789915967,-6.115384615384615,9.5819500617038017e-14
1.2436974789915967,-5.8076923076923075,2.2374934708663334e-13
1.2436974789915967,-5.5,5.9827654934710971e-13
1.2436974789915967,-5.1923076923076925,1.8375684931142939e-12
1.2436974789915967,-4.884615384615385,6.2947877139974546e-12
1.2436974789915967,-4.5769230769230766,2.3108136229102736e-11
1.2436974789915967,-4.2692307692307692,8.8086279170836378e-11
1.2436974789915967,-3.9615384615384617,3.4201482096074253e-10
1.2436974789915967,-3.6538461538461537,1.3385214429792583e-09
1.2436974789915967,-3.3461538461538463,5.2508079824769713e-09
1.2436974789915967,-3.0384615384615383,2.0580163355080763e-08
1.2436974789915967,-2.7307692307692308,8.0409446625708101e-08
1.2436974789915967,-2.4230769230769229,3.1253031088787965e-07
1.2436974789915967,-2.1153846153846154,1.2055132891653618e-06
1.2436974789915967,-1.8076923076923077,4.6009256450828475e-06
1.2436974789915967,-1.5,1.7306524346302858e-05
1.2436974789915967,-1.1923076923076923,6.3830889556379028e-05
1.2436974789915967,-0.88461538461538458,0.00022930090106805043
1.2436974789915967,-0.57692307692307687,0.00079550712560840983
1.2436974789915967,-0.26923076923076922,0.0026375271161734443
1.2436974789915967,0.038461538461538464,0.0082545322826029985
1.2436974789915967,0.34615384615384615,0.024051874856885948
1.2436974789915967,0.65384615384615385,0.064331898541872407
1.2436974789915967,0.96153846153846156,0.15592721867739595
1.2436974789915967,1.2692307692307692,0.33916287167849879
1.2436974789915967,1.5769230769230769,0.65886842437369664
1.2436974789915967,1.8846153846153846,1.144399047568029
1.2436974789915967,2.1923076923076925,1.789476024706012
1.2436974789915967,2.5,2.5478125380839227
1.3949579831932772,-9.5,5.4523514655620213e-17
1.3949579831932772,-9.1923076923076916,1.0042444379376303e-16
1.3949579831932772,-8.884615384615385,1.8536459238016005e-16
1.3949579831932772,-8.5769230769230766,3.4259310590388574e-16
1.3949579831932772,-8.2692307692307701,6.3377052918128628e-16
1.3949579831932772,-7.9615384615384617,1.173619765860335e-15
1.3949579831932772,-7.6538461538461542,2.1768828803287095e-15
1.3949579831932772,-7.3461538461538458,4.0508537949585446e-15
1.3949579831932772,-7.0384615384615383,7.5887975683820978e-15
1.3949579831932772,-6.7307692307692308,1.4416335642769404e-14
1.3949579831932772,-6.4230769230769234,2.8168292606563165e-14
1.3949579831932772,-6.115384615384615,5.8059438054384305e-14
1.3949579831932772,-5.8076923076923075,1.3101526730913157e-13
1.3949579831932772,-5.5,3.3601867826815981e-13
1.3949579831932772,-5.1923076923076925,9.9294045682099986e-13
1.3949579831932772,-4.884615384615385,3.3085199071699471e-12
1.3949579831932772,-4.5769230769230766,1.194925736672109e-11
1.3949579831932772,-4.2692307692307692,4.5170895367204651e-11
1.3949579831932772,-3.9615384615384617,1.7472904325905484e-10
1.3949579831932772,-3.6538461538461537,6.8296663305236589e-10
1.3949579831932772,-3.3461538461538463,2.6796156284013681e-09
1.3949579831932772,-3.0384615384615383,1.0514459937705857e-08
1.3949579831932772,-2.7307692307692308,4.1163029830388811e-08
1.3949579831932772,-2.4230769230769229,1.6045915233630187e-07
1.3949579831932772,-2.1153846153846154,6.2148331229228463e-07
1.3949579831932772,-1.8076923076923077,2.3853952618238913e-06
1.3949579831932772,-1.5,9.0421821280803453e-06
1.3949579831932772,-1.1923076923076923,3.3698793538211766e-05
1.3949579831932772,-0.88461538461538458,0.00012275150264884626
1.3949579831932772,-0.57692307692307687,0.00043373159235408226
1.3949579831932772,-0.26923076923076922,0.0014725640243382744
1.3949579831932772,0.038461538461538464,0.0047490325694396077
1.3949579831932772,0.34615384615384615,0.014357918502373576
1.3949579831932772,0.65384615384615385,0.040123458737245536
1.3949579831932772,0.96153846153846156,0.10222548790267848
1.3949579831932772,1.2692307692307692,0.2347275847768284
1.3949579831932772,1.5769230769230769,0.48216285975122536
1.3949579831932772,1.8846153846153846,0.88439119402187172
1.3949579831932772,2.1923076923076925,1.454495730198871
1.3949579831932772,2.5,2.1650073286551383
1.546218487394958,-9.5,3.3227744174954907e-17
1.546218487394958,-9.1923076923076916,6.2382758015909349e-17
1.546218487394958,-8.884615384615385,1.1634060428597357e-16
1.546218487394958,-8.5769230769230766,2.1620123151595407e-16
1.546218487394958,-8.2692307692307701,4.0110614979282883e-16
1.546218487394958,-7.9615384615384617,7.437625858428263e-16
1.546218487394958,-7.6538461538461542,1.3799533462342676e-15
1.546218487394958,-7.3461538461538458,2.5659293261600874e-15
1.546218487394958,-7.0384615384615383,4.7958667318025331e-15
1.546218487394958,-6.7307692307692308,9.0641102237321258e-15
1.546218487394958,-6.4230769230769234,1.752874808549878e-14
1.546218487394958,-6.115384615384615,3.5446578919137201e-14
1.546218487394958,-5.8076923076923075,7.7560718922128198e-14
1.546218487394958,-5.5,1.9104588910097117e-13
1.546218487394958,-5.1923076923076925,5.4207162279856549e-13
1.546218487394958,-4.884615384615385,1.750665495906795e-12
1.546218487394958,-4.5769230769230766,6.2017209271575521e-12
1.546218487394958,-4.2692307692307692,2.3203955239234766e-11
1.546218487394958,-3.9615384615384617,8.9322718155101005e-11
1.546218487394958,-3.6538461538461537,3.4848062225683413e-10
1.546218487394958,-3.3461538461538463,1.3669260566049071e-09
1.546218487394958,-3.0384615384615383,5.3678443652369734e-09
1.546218487394958,-2.7307692307692308,2.1048420210765824e-08
1.546218487394958,-2.4230769230769229,8.2252119116452243e-08
1.546218487394958,-2.1153846153846154,3.1969277776145635e-07
1.546218487394958,-1.8076923076923077,1.2330175301727059e-06
1.546218487394958,-1.5,4.7050302231655288e-06
1.546218487394958,-1.1923076923076923,1.7693294895674034e-05
1.546218487394958,-0.88461538461538458,6.5232781448078706e-05
1.546218487394958,-0.57692307692307687,0.0002342180886518377
1.546218487394958,-0.26923076923076922,0.00081202339731031685
1.546218487394958,0.038461538461538464,0.0026899680121840893
1.546218487394958,0.34615384615384615,0.0084095318494608259
1.546218487394958,0.65384615384615385,0.024471120963646252
1.546218487394958,0.96153846153846156,0.06535156517258478
1.546218487394958,1.2692307692307692,0.15812168288043857
1.546218487394958,1.5769230769230769,0.34329153026480907
1.546218487394958,1.8846153846153846,0.66561808622060914
1.546218487394958,2.1923076923076925,1.1540004210131314
1.546218487394958,2.5,1.8014624188959372
1.6974789915966386,-9.5,2.2726991994343991e-17
1.6974789915966386,-9.1923076923076916,4.1253489581282966e-17
1.6974789915966386,-8.884615384615385,7.5531440653772177e-17
1.6974789915966386,-8.5769230769230766,1.3896879104896187e-16
1.6974789915966386,-8.2692307692307701,2.5640068954468803e-16
1.6974789915966386,-7.9615384615384617,4.7392618978252849e-16
1.6974789915966386,-7.6538461538461542,8.7746610940885253e-16
1.6974789915966386,-7.3461538461538458,1.6284883590762911e-15
1.6974789915966386,-7.0384615384615383,3.0358730990675964e-15
1.6974789915966386,-6.7307692307692308,5.7115862291967077e-15
1.6974789915966386,-6.4230769230769234,1.0949182033759126e-14
1.6974789915966386,-6.115384615384615,2.1783784471054339e-14
1.6974789915966386,-5.8076923076923075,4.637869315991413e-14
1.6974789915966386,-5.5,1.0994535674985291e-13
1.6974789915966386,-5.1923076923076925,2.992132126239344e-13
1.6974789915966386,-4.884615384615385,9.335172365927243e-13
1.6974789915966386,-4.5769230769230766,3.2329942775570212e-12
1.6974789915966386,-4.2692307692307692,1.1945831804197354e-11
1.6974789915966386,-3.9615384615384617,4.5703648853714829e-11
1.6974789915966386,-3.6538461538461537,1.7784336693001169e-10
1.6974789915966386,-3.3461538461538463,6.9711608830493955e-10
1.6974789915966386,-3.0384615384615383,2.7387481979205032e-09
1.6974789915966386,-2.7307692307692308,1.0752824394099147e-08
1.6974789915966386,-2.4230769230769229,4.2105940838627549e-08
1.6974789915966386,-2.1153846153846154,1.641422576405887e-07
1.6974789915966386,-1.8076923076923077,6.3570730885808222e-07
1.6974789915966386,-1.5,2.4396278169146228e-06
1.6974789915966386,-1.1923076923076923,9.2456299838030026e-06
1.6974789915966386,-0.88461538461538458,3.4445840158658755e-05
1.6974789915966386,-0.57692307692307687,0.00012541745385204379
1.6974789915966386,-0.26923076923076922,0.00044289217935568559
1.6974789915966386,0.038461538461538464,0.0015025186153306139
1.6974789915966386,0.34615384615384615,0.0048409291674279022
1.6974789915966386,0.65384615384615385,0.014618133071987775
1.6974789915966386,0.96153846153846156,0.040791713448937825
1.6974789915966386,1.2692307692307692,0.10375556723314289
1.6974789915966386,1.5769230769230769,0.23780658098466739
1.6974789915966386,1.8846153846153846,0.48755802419169797
1.6974789915966386,2.1923076923076925,0.89260376001804365
1.6974789915966386,2.5,1.4654116941173487
1.8487394957983194,-9.5,1.3362659324238471e-17
1.8487394957983194,-9.1923076923076916,2.5131782261029029e-17
1.8487394957983194,-8.884615384615385,4.6907869661810901e-17
1.8487394957983194,-8.5769230769230766,8.7203635346532634e-17
1.8487394957983194,-8.2692307692307701,1.61785483180316e-16
1.8487394957983194,-7.9615384615384617,2.9988806328926109e-16
1.8487394957983194,-7.6538461538461542,5.5590221325072078e-16
1.8487394957983194,-7.3461538461538458,1.0316968046581353e-15
1.8487394957983194,-7.0384615384615383,1.9207933174826798e-15
1.8487394957983194,-6.7307692307692308,3.6016476979202117e-15
1.8487394957983194,-6.4230769230769234,6.8562165411037204e-15
1.8487394957983194,-6.115384615384615,1.3456704989799088e-14
1.8487394957983194,-5.8076923076923075,2.797566104381572e-14
1.8487394957983194,-5.5,6.4007602890964598e-14
1.8487394957983194,-5.1923076923076925,1.6706929070371157e-13
1.8487394957983194,-4.884615384615385,5.0210872732395286e-13
1.8487394957983194,-4.5769230769230766,1.6942114616120355e-12
1.8487394957983194,-4.2692307692307692,6.1665762086962952e-12
1.8487394957983194,-3.9615384615384617,2.3413215230229656e-11
1.8487394957983194,-3.6538461538461537,9.0793809649137688e-11
1.8487394957983194,-3.3461538461538463,3.5547809900602985e-10
1.8487394957983194,-3.0384615384615383,1.3966972743770502e-09
1.8487394957983194,-2.7307692307692308,5.4889063951198705e-09
1.8487394957983194,-2.4230769230769229,2.1529945534825372e-08
1.8487394957983194,-2.1153846153846154,8.4141786803820851e-08
1.8487394957983194,-1.8076923076923077,3.2702780493147563e-07
1.8487394957983194,-1.5,1.261162601932297e-06
1.8487394957983194,-1.1923076923076923,4.8115030255225845e-06
1.8487394957983194,-0.88461538461538458,1.8088671225075322e-05
1.8487394957983194,-0.57692307692307687,6.6665090926057671e-05
1.8487394957983194,-0.26923076923076922,0.00023923862347792867
1.8487394957983194,0.038461538461538464,0.0008288725104234338
1.8487394957983194,0.34615384615384615,0.0027434079970068853
1.8487394957983194,0.65384615384615385,0.0085672711380525846
1.8487394957983194,0.96153846153846156,0.02489707607944484
1.8487394957983194,1.2692307692307692,0.066385548266380365
1.8487394957983194,1.5769230769230769,0.16034212134893405
1.8487394957983194,1.8846153846153846,0.3474593230148062
1.8487394957983194,2.1923076923076925,0.67241557872899516
1.8487394957983194,2.5,1.163647757465524
2,-9.5,8.8683894275989557e-18
2,-9.1923076923076916,1.6347720708325708e-17
2,-8.884615384615385,3.0184993044316088e-17
2,-8.5769230769230766,5.578194806280311e-17
2,-8.2692307692307701,1.0315410653005489e-16
2,-7.9615384615384617,1.9083535781286658e-16
2,-7.6538461538461542,3.5327759669692538e-16
2,-7.3461538461538458,6.5476763802680005e-16
2,-7.0384615384615383,1.2167817871976068e-15
2,-6.7307692307692308,2.2742396898636589e-15
2,-6.4230769230769234,4.3030517654181823e-15
2,-6.115384615384615,8.3486439824803065e-15
2,-5.8076923076923075,1.7001913367289904e-14
2,-5.5,3.7664054838881089e-14
2,-5.1923076923076925,9.4373991610645413e-14
2,-4.884615384615385,2.7263045591133475e-13
2,-4.5769230769230766,8.9321148148681421e-13
2,-4.2692307692307692,3.1936470353660171e-12
2,-3.9615384615384617,1.2012538415174605e-11
2,-3.6538461538461537,4.6378774400024572e-11
2,-3.3461538461538463,1.8127083105538368e-10
2,-3.0384615384615383,7.1204043354234101e-10
2,-2.7307692307692308,2.800080660824516e-09
2,-2.4230769230769229,1.0998246890629767e-08
2,-2.1153846153846154,4.3073482472026559e-08
2,-1.8076923076923077,1.6791533132584589e-07
2,-1.5,6.5026588856716572e-07
2,-1.1923076923076923,2.4951046942828568e-06
2,-0.88461538461538458,9.4536484314343395e-06
2,-0.57692307692307687,3.5209294983173861e-05
2,-0.26923076923076922,0.00012814035340600035
2,0.038461538461538464,0.00045224145098623152
2,0.34615384615384615,0.0015330609209401648
2,0.65384615384615385,0.0049345152599502813
2,0.96153846153846156,0.014882734730770951
2,1.2692307692307692,0.041470016487925025
2,1.5769230769230769,0.10530545103789515
2,1.8846153846153846,0.24091836379317705
2,2.1923076923076925,0.49299774100313759
2,2.5,0.90086476490326861
